time,rr_interval,stress_level
2025-10-21 06:00:00,850.2013528012741,low
2025-10-21 06:00:30,856.3374942929703,low
2025-10-21 06:01:00,698.6886896148987,high
2025-10-21 06:01:30,712.3020762124712,high
2025-10-21 06:02:00,871.071435206736,low
2025-10-21 06:02:30,711.5283884454984,high
2025-10-21 06:03:00,713.7262340060092,high
2025-10-21 06:03:30,729.3958075855029,high
2025-10-21 06:04:00,863.5509930687679,low
2025-10-21 06:04:30,801.0394332225362,medium
2025-10-21 06:05:00,670.0083902540691,high
2025-10-21 06:05:30,851.892468837515,low
2025-10-21 06:06:00,779.1988482081539,medium
2025-10-21 06:06:30,851.181616322892,low
2025-10-21 06:07:00,696.8423357091817,high
2025-10-21 06:07:30,838.809450159421,low
2025-10-21 06:08:00,769.564814445374,medium
2025-10-21 06:08:30,805.0829981569608,medium
2025-10-21 06:09:00,778.1038711877659,medium
2025-10-21 06:09:30,858.945702926201,low
2025-10-21 06:10:00,707.9001774039309,high
2025-10-21 06:10:30,801.5417264469689,medium
2025-10-21 06:11:00,749.811927555789,medium
2025-10-21 06:11:30,683.2328373270681,high
2025-10-21 06:12:00,863.911715163512,low
2025-10-21 06:12:30,876.8040311447355,low
2025-10-21 06:13:00,765.683594943822,medium
2025-10-21 06:13:30,785.2920263123809,medium
2025-10-21 06:14:00,700.5903645470505,high
2025-10-21 06:14:30,679.4802009486467,high
2025-10-21 06:15:00,668.8829987914839,high
2025-10-21 06:15:30,757.8200986767635,medium
2025-10-21 06:16:00,719.7987395212135,high
2025-10-21 06:16:30,661.9357596252504,high
2025-10-21 06:17:00,881.0759862679217,low
2025-10-21 06:17:30,869.6990526297617,low
2025-10-21 06:18:00,715.9684229482305,high
2025-10-21 06:18:30,859.4397861907406,low
2025-10-21 06:19:00,784.3408773403681,medium
2025-10-21 06:19:30,864.6301899237883,low
2025-10-21 06:20:00,870.2127015887235,low
2025-10-21 06:20:30,720.198064498744,high
2025-10-21 06:21:00,715.4142232307576,high
2025-10-21 06:21:30,752.6791454644598,medium
2025-10-21 06:22:00,670.0160625904589,high
2025-10-21 06:22:30,867.3160610698488,low
2025-10-21 06:23:00,748.4223611174779,medium
2025-10-21 06:23:30,860.386281816899,low
2025-10-21 06:24:00,868.8261186630899,low
2025-10-21 06:24:30,697.7896996277586,high
2025-10-21 06:25:00,829.7575289400056,low
2025-10-21 06:25:30,844.1974014839341,low
2025-10-21 06:26:00,714.9929840520757,high
2025-10-21 06:26:30,722.8733536311988,high
2025-10-21 06:27:00,853.1302140699985,low
2025-10-21 06:27:30,660.8311960738537,high
2025-10-21 06:28:00,849.9555366402245,low
2025-10-21 06:28:30,848.7175856147385,low
2025-10-21 06:29:00,883.7190171254949,low
2025-10-21 06:29:30,843.6327307370792,low
2025-10-21 06:30:00,783.6062854900096,medium
2025-10-21 06:30:30,768.3868017551761,medium
2025-10-21 06:31:00,767.4080119574191,medium
2025-10-21 06:31:30,862.9242568428125,low
2025-10-21 06:32:00,681.8988301856986,high
2025-10-21 06:32:30,862.0232297258841,low
2025-10-21 06:33:00,799.808168605464,medium
2025-10-21 06:33:30,749.7424841469149,medium
2025-10-21 06:34:00,852.4912637747824,low
2025-10-21 06:34:30,858.7389784650223,low
2025-10-21 06:35:00,767.6757812746972,medium
2025-10-21 06:35:30,880.3762440160799,low
2025-10-21 06:36:00,796.1389301895838,medium
2025-10-21 06:36:30,853.332816637108,low
2025-10-21 06:37:00,848.1122397946289,low
2025-10-21 06:37:30,809.2421510457154,medium
2025-10-21 06:38:00,853.4675954486606,low
2025-10-21 06:38:30,671.1278546447653,high
2025-10-21 06:39:00,781.4930265684723,medium
2025-10-21 06:39:30,868.9534188076113,low
2025-10-21 06:40:00,871.9017633908541,low
2025-10-21 06:40:30,876.5420656320374,low
2025-10-21 06:41:00,863.8442789093085,low
2025-10-21 06:41:30,758.7165055389611,medium
2025-10-21 06:42:00,789.2457522228503,medium
2025-10-21 06:42:30,793.0031849462612,medium
2025-10-21 06:43:00,851.7827420315936,low
2025-10-21 06:43:30,854.3298971896356,low
2025-10-21 06:44:00,851.4577824672356,low
2025-10-21 06:44:30,686.0445664988837,high
2025-10-21 06:45:00,850.7303857950392,low
2025-10-21 06:45:30,758.9287580579919,medium
2025-10-21 06:46:00,694.3245645160199,high
2025-10-21 06:46:30,804.223185109385,medium
2025-10-21 06:47:00,760.9618812397302,medium
2025-10-21 06:47:30,777.1031801396607,medium
2025-10-21 06:48:00,785.8301839269672,medium
2025-10-21 06:48:30,816.2923067356115,medium
2025-10-21 06:49:00,680.3576642594834,high
2025-10-21 06:49:30,855.0554006330206,low
2025-10-21 06:50:00,814.1834541292307,medium
2025-10-21 06:50:30,670.8335537774013,high
2025-10-21 06:51:00,731.2022095436355,high
2025-10-21 06:51:30,870.784681287108,low
2025-10-21 06:52:00,656.1219624394931,high
2025-10-21 06:52:30,842.4264646796612,low
2025-10-21 06:53:00,723.3851994212224,high
2025-10-21 06:53:30,828.1653655140726,low
2025-10-21 06:54:00,774.6085777827815,medium
2025-10-21 06:54:30,757.2505622642625,medium
2025-10-21 06:55:00,719.5329373761497,high
2025-10-21 06:55:30,877.0476942384211,low
2025-10-21 06:56:00,865.5782295981903,low
2025-10-21 06:56:30,858.218468450654,low
2025-10-21 06:57:00,792.3956844965152,medium
2025-10-21 06:57:30,916.5407244121857,low
2025-10-21 06:58:00,779.2854002495619,medium
2025-10-21 06:58:30,787.5753426727689,medium
2025-10-21 06:59:00,774.9715681141664,medium
2025-10-21 06:59:30,866.8134284910166,low
2025-10-21 07:00:00,791.2564229889234,medium
2025-10-21 07:00:30,848.7404182544274,low
2025-10-21 07:01:00,839.4368583305828,low
2025-10-21 07:01:30,790.3027250557853,medium
2025-10-21 07:02:00,778.1769163997724,medium
2025-10-21 07:02:30,857.5108716720493,low
2025-10-21 07:03:00,852.4541386728969,low
2025-10-21 07:03:30,895.3785719961855,low
2025-10-21 07:04:00,848.7465260810362,low
2025-10-21 07:04:30,866.9469668154688,low
2025-10-21 07:05:00,795.2532965346303,medium
2025-10-21 07:05:30,767.1182155927163,medium
2025-10-21 07:06:00,775.119359828504,medium
2025-10-21 07:06:30,878.5210156760418,low
2025-10-21 07:07:00,761.1474627619912,medium
2025-10-21 07:07:30,872.6133788057957,low
2025-10-21 07:08:00,771.6150299919457,medium
2025-10-21 07:08:30,861.2302094867991,low
2025-10-21 07:09:00,871.0690824156089,low
2025-10-21 07:09:30,891.0857901236943,low
2025-10-21 07:10:00,889.5825569939071,low
2025-10-21 07:10:30,860.9319866926173,low
2025-10-21 07:11:00,844.8832935987848,low
2025-10-21 07:11:30,765.2039651117842,medium
2025-10-21 07:12:00,687.511010057012,high
2025-10-21 07:12:30,834.8315683313128,low
2025-10-21 07:13:00,851.877104667327,low
2025-10-21 07:13:30,802.6019390069763,medium
2025-10-21 07:14:00,777.3117224501461,medium
2025-10-21 07:14:30,682.6127256813757,high
2025-10-21 07:15:00,777.6092004282391,medium
2025-10-21 07:15:30,779.2335086121439,medium
2025-10-21 07:16:00,819.5389414361873,medium
2025-10-21 07:16:30,780.1314985945096,medium
2025-10-21 07:17:00,853.5018098459855,low
2025-10-21 07:17:30,822.5632619854488,low
2025-10-21 07:18:00,885.5351257858595,low
2025-10-21 07:18:30,904.2771089215412,low
2025-10-21 07:19:00,773.5973048336867,medium
2025-10-21 07:19:30,788.4937859489996,medium
2025-10-21 07:20:00,724.7213306293436,high
2025-10-21 07:20:30,783.4873364416818,medium
2025-10-21 07:21:00,778.147438434005,medium
2025-10-21 07:21:30,780.8989748818576,medium
2025-10-21 07:22:00,699.333917559426,high
2025-10-21 07:22:30,805.8373782324636,medium
2025-10-21 07:23:00,894.3825671973592,low
2025-10-21 07:23:30,809.7595360912335,medium
2025-10-21 07:24:00,895.3837053611666,low
2025-10-21 07:24:30,780.6359263336511,medium
2025-10-21 07:25:00,824.8619025011471,medium
2025-10-21 07:25:30,811.891593352,medium
2025-10-21 07:26:00,832.0564242691325,low
2025-10-21 07:26:30,833.6998878048958,medium
2025-10-21 07:27:00,688.9951559052197,high
2025-10-21 07:27:30,856.7212518794396,low
2025-10-21 07:28:00,876.8091924711065,low
2025-10-21 07:28:30,862.6975752334587,low
2025-10-21 07:29:00,809.3748205926396,low
2025-10-21 07:29:30,772.3674806960736,medium
2025-10-21 07:30:00,754.5527448484485,medium
2025-10-21 07:30:30,758.4698650208071,medium
2025-10-21 07:31:00,794.6016370823284,medium
2025-10-21 07:31:30,770.252243596392,medium
2025-10-21 07:32:00,842.969420846047,low
2025-10-21 07:32:30,852.9942099951531,low
2025-10-21 07:33:00,847.8932061224996,low
2025-10-21 07:33:30,838.3288412938473,low
2025-10-21 07:34:00,846.7899825420586,low
2025-10-21 07:34:30,723.0049834263432,high
2025-10-21 07:35:00,855.0269949319807,low
2025-10-21 07:35:30,787.0056844781508,medium
2025-10-21 07:36:00,848.7384735263727,low
2025-10-21 07:36:30,802.3523566012781,medium
2025-10-21 07:37:00,867.1879298119447,low
2025-10-21 07:37:30,848.1804157067924,low
2025-10-21 07:38:00,754.4238926069129,medium
2025-10-21 07:38:30,776.2321961123079,medium
2025-10-21 07:39:00,703.2785480594923,high
2025-10-21 07:39:30,841.9183426082459,low
2025-10-21 07:40:00,888.0117315154909,low
2025-10-21 07:40:30,824.034392758959,low
2025-10-21 07:41:00,880.6651580147018,low
2025-10-21 07:41:30,886.0362421218953,low
2025-10-21 07:42:00,866.624792991997,low
2025-10-21 07:42:30,745.1181935768225,high
2025-10-21 07:43:00,875.3420357259774,low
2025-10-21 07:43:30,808.8482262596639,medium
2025-10-21 07:44:00,898.9501649784547,low
2025-10-21 07:44:30,847.8879984825198,low
2025-10-21 07:45:00,668.5002122229912,high
2025-10-21 07:45:30,703.4808501746542,high
2025-10-21 07:46:00,735.2315945895621,medium
2025-10-21 07:46:30,863.4101414546572,low
2025-10-21 07:47:00,801.5586367535515,medium
2025-10-21 07:47:30,843.1192599249397,low
2025-10-21 07:48:00,756.1117180724661,medium
2025-10-21 07:48:30,788.9067704417612,medium
2025-10-21 07:49:00,839.9844501416585,low
2025-10-21 07:49:30,782.4491640883218,medium
2025-10-21 07:50:00,746.9171419878913,medium
2025-10-21 07:50:30,853.9270322119373,low
2025-10-21 07:51:00,749.5344581509031,medium
2025-10-21 07:51:30,841.3644224079865,low
2025-10-21 07:52:00,835.0008764337033,low
2025-10-21 07:52:30,847.9205171606862,low
2025-10-21 07:53:00,760.7607425783547,medium
2025-10-21 07:53:30,879.5227391648885,low
2025-10-21 07:54:00,776.8852568180894,medium
2025-10-21 07:54:30,847.0091775383746,low
2025-10-21 07:55:00,849.8886782704948,low
2025-10-21 07:55:30,739.5364288016204,medium
2025-10-21 07:56:00,788.8908655318698,medium
2025-10-21 07:56:30,788.9451497826404,medium
2025-10-21 07:57:00,815.3192138319826,low
2025-10-21 07:57:30,866.3512111362776,low
2025-10-21 07:58:00,788.6953629940067,medium
2025-10-21 07:58:30,857.5162363692198,low
2025-10-21 07:59:00,683.9632313456415,high
2025-10-21 07:59:30,787.7795113264548,medium
2025-10-21 08:00:00,707.2927214120277,high
2025-10-21 08:00:30,853.4573389720891,low
2025-10-21 08:01:00,798.0090162962838,medium
2025-10-21 08:01:30,782.5738210518984,medium
2025-10-21 08:02:00,791.2507580509804,medium
2025-10-21 08:02:30,868.480816890654,low
2025-10-21 08:03:00,789.6150171924028,medium
2025-10-21 08:03:30,698.5626243576978,high
2025-10-21 08:04:00,884.8484660777738,low
2025-10-21 08:04:30,773.6243125895027,medium
2025-10-21 08:05:00,837.0623373873359,low
2025-10-21 08:05:30,801.6720594871102,medium
2025-10-21 08:06:00,835.4240931932452,low
2025-10-21 08:06:30,850.049459512701,low
2025-10-21 08:07:00,729.0404195635573,high
2025-10-21 08:07:30,883.0840931440151,low
2025-10-21 08:08:00,673.2106501968844,high
2025-10-21 08:08:30,839.7434916100331,low
2025-10-21 08:09:00,710.3921017313439,high
2025-10-21 08:09:30,851.3212588474075,low
2025-10-21 08:10:00,735.8678667048727,medium
2025-10-21 08:10:30,681.2813182367511,high
2025-10-21 08:11:00,906.2771839707564,low
2025-10-21 08:11:30,775.1351523920433,medium
2025-10-21 08:12:00,877.3627756048866,low
2025-10-21 08:12:30,837.5619146054496,low
2025-10-21 08:13:00,697.5308228956952,high
2025-10-21 08:13:30,744.6048413808082,medium
2025-10-21 08:14:00,836.6552045122111,low
2025-10-21 08:14:30,864.0812849499113,low
2025-10-21 08:15:00,860.9327606869726,low
2025-10-21 08:15:30,846.0719982620476,low
2025-10-21 08:16:00,853.0794766383331,low
2025-10-21 08:16:30,762.931526911959,medium
2025-10-21 08:17:00,696.5193257398566,high
2025-10-21 08:17:30,752.7640934734486,medium
2025-10-21 08:18:00,822.5374449018116,low
2025-10-21 08:18:30,707.1037229724362,high
2025-10-21 08:19:00,850.3643169950972,low
2025-10-21 08:19:30,797.4173510385626,medium
2025-10-21 08:20:00,777.2006531880173,medium
2025-10-21 08:20:30,732.2382871977259,high
2025-10-21 08:21:00,715.5646966907747,high
2025-10-21 08:21:30,842.9989603314823,low
2025-10-21 08:22:00,720.1473241626134,high
2025-10-21 08:22:30,727.595323232546,high
2025-10-21 08:23:00,862.9008175408599,low
2025-10-21 08:23:30,759.8756580268449,medium
2025-10-21 08:24:00,770.963452895355,medium
2025-10-21 08:24:30,768.0569872591793,medium
2025-10-21 08:25:00,704.7642554325427,high
2025-10-21 08:25:30,709.0690561415045,high
2025-10-21 08:26:00,879.0001840253832,low
2025-10-21 08:26:30,691.1260347073706,high
2025-10-21 08:27:00,849.981921471868,low
2025-10-21 08:27:30,769.2832008008438,medium
2025-10-21 08:28:00,681.7970816238571,high
2025-10-21 08:28:30,832.5931265442305,low
2025-10-21 08:29:00,886.9548205166471,low
2025-10-21 08:29:30,798.9089186081018,medium
2025-10-21 08:30:00,855.4456741169759,low
2025-10-21 08:30:30,774.4630697791684,medium
2025-10-21 08:31:00,798.6342417241185,medium
2025-10-21 08:31:30,796.3720411529506,medium
2025-10-21 08:32:00,789.2059516305729,medium
2025-10-21 08:32:30,684.7267030238731,high
2025-10-21 08:33:00,826.3540965563541,low
2025-10-21 08:33:30,753.6047744346922,medium
2025-10-21 08:34:00,778.9937347507167,medium
2025-10-21 08:34:30,787.7188807231314,medium
2025-10-21 08:35:00,815.4560369339645,medium
2025-10-21 08:35:30,913.3963634957778,low
2025-10-21 08:36:00,686.2469898723654,high
2025-10-21 08:36:30,754.0059019477178,medium
2025-10-21 08:37:00,846.0313922890703,low
2025-10-21 08:37:30,852.2223374070458,low
2025-10-21 08:38:00,836.1192717762793,low
2025-10-21 08:38:30,872.0477825186723,low
2025-10-21 08:39:00,880.0195502287183,low
2025-10-21 08:39:30,696.6597634966927,high
2025-10-21 08:40:00,841.1673047777218,low
2025-10-21 08:40:30,803.4284836904458,medium
2025-10-21 08:41:00,838.9493979390596,low
2025-10-21 08:41:30,696.7557150312124,high
2025-10-21 08:42:00,883.0592836473436,low
2025-10-21 08:42:30,833.3676006795313,medium
2025-10-21 08:43:00,875.6143377397909,low
2025-10-21 08:43:30,864.2274179586375,low
2025-10-21 08:44:00,702.8395022829759,high
2025-10-21 08:44:30,716.6190840005107,high
2025-10-21 08:45:00,835.476060309275,low
2025-10-21 08:45:30,748.3614918945713,high
2025-10-21 08:46:00,781.0287213088681,medium
2025-10-21 08:46:30,864.767188359896,low
2025-10-21 08:47:00,826.5404047120509,low
2025-10-21 08:47:30,802.4537672038241,medium
2025-10-21 08:48:00,717.3327761906548,high
2025-10-21 08:48:30,870.6663947643138,low
2025-10-21 08:49:00,836.4874075005863,low
2025-10-21 08:49:30,693.3704078867388,high
2025-10-21 08:50:00,691.3777459129831,high
2025-10-21 08:50:30,872.5249879665196,low
2025-10-21 08:51:00,864.0365510576848,low
2025-10-21 08:51:30,877.4184060828571,low
2025-10-21 08:52:00,790.47770529732,medium
2025-10-21 08:52:30,879.9571766352212,low
2025-10-21 08:53:00,864.9641919364211,low
2025-10-21 08:53:30,853.1339430331687,low
2025-10-21 08:54:00,841.7992585701775,low
2025-10-21 08:54:30,698.3820741927781,high
2025-10-21 08:55:00,766.1490570358857,medium
2025-10-21 08:55:30,906.104746683241,low
2025-10-21 08:56:00,695.7704112605884,high
2025-10-21 08:56:30,809.6929019337493,medium
2025-10-21 08:57:00,860.2679506419777,low
2025-10-21 08:57:30,854.7500946804439,low
2025-10-21 08:58:00,845.5777349001644,low
2025-10-21 08:58:30,680.3340878104963,high
2025-10-21 08:59:00,821.4420284921645,low
2025-10-21 08:59:30,755.0947183631624,medium
2025-10-21 09:00:00,869.2456632700413,low
2025-10-21 09:00:30,789.650474746208,medium
2025-10-21 09:01:00,871.0387509548021,low
2025-10-21 09:01:30,853.7304196595082,low
2025-10-21 09:02:00,782.3217917157676,medium
2025-10-21 09:02:30,886.9736246499984,low
2025-10-21 09:03:00,892.1585364733749,low
2025-10-21 09:03:30,867.3072385863996,low
2025-10-21 09:04:00,770.2673015018216,medium
2025-10-21 09:04:30,689.8658137696113,high
2025-10-21 09:05:00,794.0542885343247,medium
2025-10-21 09:05:30,782.5067592608552,medium
2025-10-21 09:06:00,771.7285349153125,medium
2025-10-21 09:06:30,712.7287355083431,high
2025-10-21 09:07:00,788.5386091492454,medium
2025-10-21 09:07:30,874.1964197730894,low
2025-10-21 09:08:00,864.2429258885818,low
2025-10-21 09:08:30,819.8743041257069,low
2025-10-21 09:09:00,808.0622776930256,medium
2025-10-21 09:09:30,822.4483592731551,medium
2025-10-21 09:10:00,767.1488074305447,medium
2025-10-21 09:10:30,699.3203121352356,high
2025-10-21 09:11:00,704.9836184942819,high
2025-10-21 09:11:30,718.5430208003785,high
2025-10-21 09:12:00,895.4211447658608,low
2025-10-21 09:12:30,726.1830930791501,high
2025-10-21 09:13:00,853.3154623839285,low
2025-10-21 09:13:30,757.4738369749969,medium
2025-10-21 09:14:00,794.1097650712626,medium
2025-10-21 09:14:30,687.0890372016057,high
2025-10-21 09:15:00,770.9473132371776,medium
2025-10-21 09:15:30,737.208848424409,medium
2025-10-21 09:16:00,860.2570962268773,low
2025-10-21 09:16:30,778.0139068914681,medium
2025-10-21 09:17:00,803.750083317803,medium
2025-10-21 09:17:30,851.94075915453,low
2025-10-21 09:18:00,822.7511836939015,low
2025-10-21 09:18:30,865.3391905180629,low
2025-10-21 09:19:00,882.6592661815044,low
2025-10-21 09:19:30,773.8249662968582,medium
2025-10-21 09:20:00,882.5260050791079,low
2025-10-21 09:20:30,783.3682861794966,medium
2025-10-21 09:21:00,779.7156004630456,medium
2025-10-21 09:21:30,875.0847813878381,low
2025-10-21 09:22:00,710.8776759816122,high
2025-10-21 09:22:30,898.4718280381164,low
2025-10-21 09:23:00,766.6983812516851,medium
2025-10-21 09:23:30,874.5085600261209,low
2025-10-21 09:24:00,819.8719901128181,low
2025-10-21 09:24:30,746.1054056482574,medium
2025-10-21 09:25:00,680.9511390934056,high
2025-10-21 09:25:30,701.4012468199695,high
2025-10-21 09:26:00,834.5970366988089,low
2025-10-21 09:26:30,757.4392569269207,medium
2025-10-21 09:27:00,682.9985960114437,high
2025-10-21 09:27:30,802.9517237492346,medium
2025-10-21 09:28:00,718.8660331840692,high
2025-10-21 09:28:30,844.7619814639291,low
2025-10-21 09:29:00,699.4327852891663,high
2025-10-21 09:29:30,837.3000494026278,low
2025-10-21 09:30:00,774.5674240128974,medium
2025-10-21 09:30:30,701.8306583173722,high
2025-10-21 09:31:00,799.6656792630544,medium
2025-10-21 09:31:30,892.6613866957315,low
2025-10-21 09:32:00,871.9292968314262,low
2025-10-21 09:32:30,790.0501414770893,medium
2025-10-21 09:33:00,840.462806788677,low
2025-10-21 09:33:30,878.2797377953883,low
2025-10-21 09:34:00,848.3516641904353,low
2025-10-21 09:34:30,774.9654104249378,medium
2025-10-21 09:35:00,769.5709873823281,medium
2025-10-21 09:35:30,824.3779938190456,low
2025-10-21 09:36:00,794.2358594913477,medium
2025-10-21 09:36:30,814.0295953305925,medium
2025-10-21 09:37:00,757.0507435742287,medium
2025-10-21 09:37:30,695.7768154127062,high
2025-10-21 09:38:00,864.7059475329407,low
2025-10-21 09:38:30,767.4242829445199,medium
2025-10-21 09:39:00,708.613521878036,high
2025-10-21 09:39:30,788.4747472898014,medium
2025-10-21 09:40:00,736.433035238216,medium
2025-10-21 09:40:30,840.6229261324117,low
2025-10-21 09:41:00,733.8838758000462,high
2025-10-21 09:41:30,883.7340760482878,low
2025-10-21 09:42:00,848.9608281809516,low
2025-10-21 09:42:30,887.8565948006637,low
2025-10-21 09:43:00,785.6800522332644,medium
2025-10-21 09:43:30,803.0598082735287,medium
2025-10-21 09:44:00,847.2666419949559,low
2025-10-21 09:44:30,717.4078746243094,high
2025-10-21 09:45:00,864.3117445173338,low
2025-10-21 09:45:30,703.3441897095648,high
2025-10-21 09:46:00,733.1970123296385,high
2025-10-21 09:46:30,777.8296408940847,medium
2025-10-21 09:47:00,874.8990497221378,low
2025-10-21 09:47:30,686.6239885149402,high
2025-10-21 09:48:00,700.7441659444595,high
2025-10-21 09:48:30,710.5163505377379,high
2025-10-21 09:49:00,868.1628376011552,low
2025-10-21 09:49:30,876.9895509534252,low
2025-10-21 09:50:00,848.4107583696568,low
2025-10-21 09:50:30,831.9508218394722,low
2025-10-21 09:51:00,782.6008636419818,medium
2025-10-21 09:51:30,707.2431144775386,high
2025-10-21 09:52:00,714.3536300370149,high
2025-10-21 09:52:30,857.9631433654557,low
2025-10-21 09:53:00,877.2682942473158,low
2025-10-21 09:53:30,867.9892747584876,low
2025-10-21 09:54:00,765.217244328788,medium
2025-10-21 09:54:30,865.6164507820935,low
2025-10-21 09:55:00,867.367667577476,low
2025-10-21 09:55:30,746.6209739591446,high
2025-10-21 09:56:00,685.4054976737123,high
2025-10-21 09:56:30,862.7733128587194,low
2025-10-21 09:57:00,694.412098416028,high
2025-10-21 09:57:30,770.0188038991485,medium
2025-10-21 09:58:00,867.112120113164,low
2025-10-21 09:58:30,800.4642359018806,medium
2025-10-21 09:59:00,908.4541345021748,low
2025-10-21 09:59:30,706.7500601571049,high
2025-10-21 10:00:00,855.8539588786715,low
2025-10-21 10:00:30,793.8141387117964,medium
2025-10-21 10:01:00,658.7120303828829,high
2025-10-21 10:01:30,869.0527751048427,low
2025-10-21 10:02:00,758.6858874688965,medium
2025-10-21 10:02:30,671.9598986800127,high
2025-10-21 10:03:00,780.9205617112511,medium
2025-10-21 10:03:30,860.3462286894111,low
2025-10-21 10:04:00,876.8424249557843,low
2025-10-21 10:04:30,773.2235029189511,medium
2025-10-21 10:05:00,851.8228055446083,low
2025-10-21 10:05:30,882.5559613783937,low
2025-10-21 10:06:00,746.1649241147867,medium
2025-10-21 10:06:30,779.8642288005201,medium
2025-10-21 10:07:00,751.123701329769,medium
2025-10-21 10:07:30,770.0158150877317,medium
2025-10-21 10:08:00,714.4350359453424,high
2025-10-21 10:08:30,748.7308885454792,medium
2025-10-21 10:09:00,686.5840983662235,high
2025-10-21 10:09:30,694.6474713576723,high
2025-10-21 10:10:00,866.4911320359514,low
2025-10-21 10:10:30,707.1922352733118,high
2025-10-21 10:11:00,871.5776629704131,low
2025-10-21 10:11:30,753.4360434857051,medium
2025-10-21 10:12:00,692.1689278859518,high
2025-10-21 10:12:30,832.0197391263118,low
2025-10-21 10:13:00,867.526449970814,low
2025-10-21 10:13:30,829.9390718794614,low
2025-10-21 10:14:00,690.8404047732143,high
2025-10-21 10:14:30,676.5772633834807,high
2025-10-21 10:15:00,798.6120378681893,medium
2025-10-21 10:15:30,861.4697366810067,low
2025-10-21 10:16:00,872.9548253177439,low
2025-10-21 10:16:30,883.5823099241026,low
2025-10-21 10:17:00,881.6993442478972,low
2025-10-21 10:17:30,845.4019492749596,low
2025-10-21 10:18:00,721.1529567330706,high
2025-10-21 10:18:30,890.494894710119,low
2025-10-21 10:19:00,801.9404956069864,medium
2025-10-21 10:19:30,770.2496844104643,medium
2025-10-21 10:20:00,770.7402532998078,medium
2025-10-21 10:20:30,853.9538121974442,low
2025-10-21 10:21:00,773.3563307073958,medium
2025-10-21 10:21:30,689.6604657963053,high
2025-10-21 10:22:00,885.8357113725435,low
2025-10-21 10:22:30,763.1453011117723,medium
2025-10-21 10:23:00,777.575829969317,medium
2025-10-21 10:23:30,699.5280219654085,high
2025-10-21 10:24:00,822.923235796009,medium
2025-10-21 10:24:30,860.0067521099404,low
2025-10-21 10:25:00,676.0527395114003,high
2025-10-21 10:25:30,850.5766375649474,low
2025-10-21 10:26:00,844.735481957902,low
2025-10-21 10:26:30,780.9663805531862,medium
2025-10-21 10:27:00,786.8945586395134,medium
2025-10-21 10:27:30,760.483042117654,medium
2025-10-21 10:28:00,708.9692266218494,high
2025-10-21 10:28:30,657.8738615711385,high
2025-10-21 10:29:00,808.9198406542009,medium
2025-10-21 10:29:30,778.357406742948,medium
2025-10-21 10:30:00,819.4006734955661,medium
2025-10-21 10:30:30,862.0354479716053,low
2025-10-21 10:31:00,847.4789633625951,low
2025-10-21 10:31:30,841.8791589711453,low
2025-10-21 10:32:00,706.7881402512045,high
2025-10-21 10:32:30,867.9867630347114,low
2025-10-21 10:33:00,869.3574517502016,low
2025-10-21 10:33:30,861.6236610912441,low
2025-10-21 10:34:00,869.6816276771146,low
2025-10-21 10:34:30,861.7067779830227,low
2025-10-21 10:35:00,770.3918095196923,medium
2025-10-21 10:35:30,715.2585008331566,high
2025-10-21 10:36:00,800.2915214565645,medium
2025-10-21 10:36:30,773.3046341265309,medium
2025-10-21 10:37:00,818.3225159575961,medium
2025-10-21 10:37:30,837.8933036679031,low
2025-10-21 10:38:00,681.6430589291754,high
2025-10-21 10:38:30,789.8764339533666,medium
2025-10-21 10:39:00,767.3573206221745,medium
2025-10-21 10:39:30,870.9755667265447,low
2025-10-21 10:40:00,838.6710453292716,low
2025-10-21 10:40:30,870.875580866467,low
2025-10-21 10:41:00,853.6784752875592,low
2025-10-21 10:41:30,782.6322715107249,medium
2025-10-21 10:42:00,712.6528415342418,high
2025-10-21 10:42:30,857.4216334987636,low
2025-10-21 10:43:00,892.9325660700218,low
2025-10-21 10:43:30,804.4417778206441,medium
2025-10-21 10:44:00,762.590248294171,medium
2025-10-21 10:44:30,831.9113778981007,medium
2025-10-21 10:45:00,828.4350973958844,medium
2025-10-21 10:45:30,771.8868618842015,medium
2025-10-21 10:46:00,865.3966501393393,low
2025-10-21 10:46:30,835.9784549143062,low
2025-10-21 10:47:00,885.6284025060293,low
2025-10-21 10:47:30,876.3314454558705,low
2025-10-21 10:48:00,775.5074930231497,medium
2025-10-21 10:48:30,781.9146580420266,medium
2025-10-21 10:49:00,851.7843116316183,low
2025-10-21 10:49:30,761.5051552347918,medium
2025-10-21 10:50:00,863.8722712424321,low
2025-10-21 10:50:30,854.9333530696898,low
2025-10-21 10:51:00,775.0851823021848,medium
2025-10-21 10:51:30,844.039203422915,low
2025-10-21 10:52:00,774.0444305738159,medium
2025-10-21 10:52:30,838.3394786930781,low
2025-10-21 10:53:00,777.6614652942592,medium
2025-10-21 10:53:30,834.8987853864695,low
2025-10-21 10:54:00,874.6841188433667,low
2025-10-21 10:54:30,829.3252373363525,low
2025-10-21 10:55:00,841.481245881479,low
2025-10-21 10:55:30,883.514240180024,low
2025-10-21 10:56:00,868.4608162225223,low
2025-10-21 10:56:30,878.8221574333863,low
2025-10-21 10:57:00,724.4572647695181,high
2025-10-21 10:57:30,862.5641191719615,low
2025-10-21 10:58:00,787.2481309236979,medium
2025-10-21 10:58:30,698.0309081040643,high
2025-10-21 10:59:00,703.8639533641219,high
2025-10-21 10:59:30,870.758984881966,low
2025-10-21 11:00:00,758.4499339436192,medium
2025-10-21 11:00:30,690.6068497159824,high
2025-10-21 11:01:00,841.8985196483709,low
2025-10-21 11:01:30,870.1599416353955,low
2025-10-21 11:02:00,766.3138127394186,medium
2025-10-21 11:02:30,789.1703634679791,medium
2025-10-21 11:03:00,847.402580520046,low
2025-10-21 11:03:30,866.7946074940493,low
2025-10-21 11:04:00,759.9746426275301,medium
2025-10-21 11:04:30,855.3673937803949,low
2025-10-21 11:05:00,736.5483877327431,medium
2025-10-21 11:05:30,852.7728260570914,low
2025-10-21 11:06:00,864.9018350711768,low
2025-10-21 11:06:30,722.8341091667161,high
2025-10-21 11:07:00,862.0714529168877,low
2025-10-21 11:07:30,698.4577179029659,high
2025-10-21 11:08:00,700.3865664013675,high
2025-10-21 11:08:30,768.0111116461035,medium
2025-10-21 11:09:00,718.3454095317572,high
2025-10-21 11:09:30,733.7661835697834,high
2025-10-21 11:10:00,784.9299280916401,medium
2025-10-21 11:10:30,835.6449941645643,low
2025-10-21 11:11:00,694.9765458415549,high
2025-10-21 11:11:30,762.0123391131358,medium
2025-10-21 11:12:00,769.1711214295401,medium
2025-10-21 11:12:30,708.2435558583977,high
2025-10-21 11:13:00,833.0083351730201,low
2025-10-21 11:13:30,699.8423440782427,high
2025-10-21 11:14:00,794.9735474129023,medium
2025-10-21 11:14:30,704.1348016607317,high
2025-10-21 11:15:00,807.6755306155962,medium
2025-10-21 11:15:30,883.9632869416794,low
2025-10-21 11:16:00,762.9971539212675,medium
2025-10-21 11:16:30,895.8923677242681,low
2025-10-21 11:17:00,700.1421770579152,high
2025-10-21 11:17:30,873.2754502487012,low
2025-10-21 11:18:00,800.3742212011593,medium
2025-10-21 11:18:30,803.4089991805697,medium
2025-10-21 11:19:00,708.6740183162408,high
2025-10-21 11:19:30,685.1323981495852,high
2025-10-21 11:20:00,708.4618196704862,high
2025-10-21 11:20:30,827.4058707948692,low
2025-10-21 11:21:00,768.9493276209176,medium
2025-10-21 11:21:30,773.7554573085466,medium
2025-10-21 11:22:00,862.4406308211528,low
2025-10-21 11:22:30,881.002340920358,low
2025-10-21 11:23:00,873.7028458907862,low
2025-10-21 11:23:30,826.2561136581054,medium
2025-10-21 11:24:00,825.8095007052742,low
2025-10-21 11:24:30,850.4098524299915,low
2025-10-21 11:25:00,883.1365879965996,low
2025-10-21 11:25:30,853.6807343319416,low
2025-10-21 11:26:00,870.5581801963224,low
2025-10-21 11:26:30,750.8284161552671,medium
2025-10-21 11:27:00,851.4273634087414,low
2025-10-21 11:27:30,870.3189250320871,low
2025-10-21 11:28:00,795.8624852786397,medium
2025-10-21 11:28:30,847.2594056329417,low
2025-10-21 11:29:00,875.7015542117621,low
2025-10-21 11:29:30,878.9347440234649,low
2025-10-21 11:30:00,866.2490515598239,low
2025-10-21 11:30:30,773.2308705499162,medium
2025-10-21 11:31:00,841.5362371602139,low
2025-10-21 11:31:30,855.6254329490845,low
2025-10-21 11:32:00,780.8298717010248,medium
2025-10-21 11:32:30,877.0874219910207,low
2025-10-21 11:33:00,833.1713770544283,low
2025-10-21 11:33:30,874.6119376112364,low
2025-10-21 11:34:00,782.2740589469277,medium
2025-10-21 11:34:30,778.9759628787948,medium
2025-10-21 11:35:00,868.4633715939356,low
2025-10-21 11:35:30,861.4401351121999,low
2025-10-21 11:36:00,868.1626863063702,low
2025-10-21 11:36:30,868.978089711519,low
2025-10-21 11:37:00,791.0332471202618,medium
2025-10-21 11:37:30,778.7796954836041,medium
2025-10-21 11:38:00,856.5587734866006,low
2025-10-21 11:38:30,787.7866619098902,medium
2025-10-21 11:39:00,725.3727053941179,high
2025-10-21 11:39:30,839.2301703571027,low
2025-10-21 11:40:00,736.5056917480892,high
2025-10-21 11:40:30,740.1559333099623,medium
2025-10-21 11:41:00,873.8706239435865,low
2025-10-21 11:41:30,690.6199473240104,high
2025-10-21 11:42:00,875.6755156358969,low
2025-10-21 11:42:30,810.1962416630057,medium
2025-10-21 11:43:00,852.6862327186204,low
2025-10-21 11:43:30,682.8078576033993,high
2025-10-21 11:44:00,794.178615303406,medium
2025-10-21 11:44:30,880.2349271850558,low
2025-10-21 11:45:00,718.5671395475767,high
2025-10-21 11:45:30,811.2517901465341,medium
2025-10-21 11:46:00,805.5226662231261,medium
2025-10-21 11:46:30,688.112890640142,high
2025-10-21 11:47:00,776.0182959831556,medium
2025-10-21 11:47:30,741.3132861807695,medium
2025-10-21 11:48:00,708.4188542388498,high
2025-10-21 11:48:30,757.1151154293518,medium
2025-10-21 11:49:00,848.6747371645854,low
2025-10-21 11:49:30,797.382563712826,medium
2025-10-21 11:50:00,823.6359326286318,medium
2025-10-21 11:50:30,878.3595339599503,low
2025-10-21 11:51:00,771.4196335399262,medium
2025-10-21 11:51:30,773.9800462133949,medium
2025-10-21 11:52:00,849.7378146111034,low
2025-10-21 11:52:30,843.6851647999869,low
2025-10-21 11:53:00,839.5904524667726,low
2025-10-21 11:53:30,834.5043377059194,low
2025-10-21 11:54:00,732.5649312173605,high
2025-10-21 11:54:30,713.0216986301277,high
2025-10-21 11:55:00,828.2613214359194,low
2025-10-21 11:55:30,777.8743091328743,medium
2025-10-21 11:56:00,852.72483973776,low
2025-10-21 11:56:30,877.4525353141045,low
2025-10-21 11:57:00,866.1710151159501,low
2025-10-21 11:57:30,779.2200769924805,medium
2025-10-21 11:58:00,745.1592192583503,medium
2025-10-21 11:58:30,729.5655903414362,high
2025-10-21 11:59:00,862.8765412255409,low
2025-10-21 11:59:30,777.5210243170224,medium
2025-10-21 12:00:00,901.9774604262632,low
2025-10-21 12:00:30,802.3084394437533,medium
2025-10-21 12:01:00,837.5033784305231,low
2025-10-21 12:01:30,782.0944697960177,medium
2025-10-21 12:02:00,824.9100996951848,medium
2025-10-21 12:02:30,848.2260857128102,low
2025-10-21 12:03:00,785.7928815072286,medium
2025-10-21 12:03:30,764.3038839253296,medium
2025-10-21 12:04:00,793.6380920893201,medium
2025-10-21 12:04:30,808.3297634247,medium
2025-10-21 12:05:00,791.9900553772278,medium
2025-10-21 12:05:30,742.5154978390744,medium
2025-10-21 12:06:00,855.5994231271205,low
2025-10-21 12:06:30,699.5800630195656,high
2025-10-21 12:07:00,770.9884283815599,medium
2025-10-21 12:07:30,873.1701276780313,low
2025-10-21 12:08:00,651.945660541826,high
2025-10-21 12:08:30,871.1501232353197,low
2025-10-21 12:09:00,835.8376552928905,low
2025-10-21 12:09:30,695.3506532590552,high
2025-10-21 12:10:00,787.0930758702476,medium
2025-10-21 12:10:30,871.8887524778909,low
2025-10-21 12:11:00,841.0420254885261,low
2025-10-21 12:11:30,848.4627603798684,low
2025-10-21 12:12:00,847.4567692124444,low
2025-10-21 12:12:30,804.8990599230129,medium
2025-10-21 12:13:00,847.366710190958,low
2025-10-21 12:13:30,814.2184846370667,medium
2025-10-21 12:14:00,877.580014030745,low
2025-10-21 12:14:30,770.4096502555082,medium
2025-10-21 12:15:00,758.9702287665029,medium
2025-10-21 12:15:30,869.322281604623,low
2025-10-21 12:16:00,672.2048505707038,high
2025-10-21 12:16:30,782.9690881199057,medium
2025-10-21 12:17:00,711.5888115165579,high
2025-10-21 12:17:30,730.8116333196606,high
2025-10-21 12:18:00,787.3171890362308,medium
2025-10-21 12:18:30,779.6025328426081,medium
2025-10-21 12:19:00,782.9504830592936,medium
2025-10-21 12:19:30,686.9300864371771,high
2025-10-21 12:20:00,779.9255394614084,medium
2025-10-21 12:20:30,878.600550466364,low
2025-10-21 12:21:00,841.2597107635369,low
2025-10-21 12:21:30,835.6081056460513,low
2025-10-21 12:22:00,880.6233570035591,low
2025-10-21 12:22:30,850.6541792873143,low
2025-10-21 12:23:00,785.9552834538081,medium
2025-10-21 12:23:30,810.5477333441938,medium
2025-10-21 12:24:00,678.3673116505619,high
2025-10-21 12:24:30,762.4495812067357,medium
2025-10-21 12:25:00,807.2576544417432,medium
2025-10-21 12:25:30,773.2396883118978,medium
2025-10-21 12:26:00,770.102435185049,medium
2025-10-21 12:26:30,772.5903828909924,medium
2025-10-21 12:27:00,686.5811148579651,high
2025-10-21 12:27:30,746.8435842785002,medium
2025-10-21 12:28:00,783.3419158387458,medium
2025-10-21 12:28:30,756.3058978846407,medium
2025-10-21 12:29:00,862.6700812760154,low
2025-10-21 12:29:30,755.3897856184134,medium
2025-10-21 12:30:00,728.042043037571,high
2025-10-21 12:30:30,877.3054504273101,low
2025-10-21 12:31:00,859.0379381481359,low
2025-10-21 12:31:30,758.4067940842266,medium
2025-10-21 12:32:00,782.8189102286556,medium
2025-10-21 12:32:30,801.2692307638574,medium
2025-10-21 12:33:00,767.9633943001427,medium
2025-10-21 12:33:30,867.8133612544779,low
2025-10-21 12:34:00,807.781909991145,medium
2025-10-21 12:34:30,845.8307404388495,low
2025-10-21 12:35:00,741.8864144131073,high
2025-10-21 12:35:30,683.203734679506,high
2025-10-21 12:36:00,886.558615256773,low
2025-10-21 12:36:30,840.9360562483378,low
2025-10-21 12:37:00,869.1882288240607,low
2025-10-21 12:37:30,871.3223940462967,low
2025-10-21 12:38:00,867.0940269329552,low
2025-10-21 12:38:30,815.1127243293349,medium
2025-10-21 12:39:00,794.9185094726695,medium
2025-10-21 12:39:30,794.321627867499,medium
2025-10-21 12:40:00,793.4754584039049,medium
2025-10-21 12:40:30,670.1417771574766,high
2025-10-21 12:41:00,791.8645554307908,medium
2025-10-21 12:41:30,831.7806695964952,low
2025-10-21 12:42:00,767.8181546075556,medium
2025-10-21 12:42:30,779.0274231928779,medium
2025-10-21 12:43:00,848.9228993494567,low
2025-10-21 12:43:30,842.2143992675299,low
2025-10-21 12:44:00,748.8915510908231,medium
2025-10-21 12:44:30,833.0809839701337,low
2025-10-21 12:45:00,875.0073805726861,low
2025-10-21 12:45:30,874.4456121878013,low
2025-10-21 12:46:00,848.9964259700479,low
2025-10-21 12:46:30,746.8118938939976,medium
2025-10-21 12:47:00,758.3626724700421,medium
2025-10-21 12:47:30,735.0137856426,high
2025-10-21 12:48:00,798.6908647967933,medium
2025-10-21 12:48:30,880.1406043624308,low
2025-10-21 12:49:00,816.2942024650697,medium
2025-10-21 12:49:30,781.4805218487747,medium
2025-10-21 12:50:00,888.3310852007941,low
2025-10-21 12:50:30,792.5859924022486,medium
2025-10-21 12:51:00,864.4623072707193,low
2025-10-21 12:51:30,841.053922912474,low
2025-10-21 12:52:00,787.0416603357146,medium
2025-10-21 12:52:30,793.1057520769753,medium
2025-10-21 12:53:00,886.6384886098497,low
2025-10-21 12:53:30,800.0626615962626,medium
2025-10-21 12:54:00,862.1222622621617,low
2025-10-21 12:54:30,818.3151774396339,medium
2025-10-21 12:55:00,733.2293932417252,high
2025-10-21 12:55:30,800.3138240428132,low
2025-10-21 12:56:00,854.5524902271738,low
2025-10-21 12:56:30,785.0618299125986,medium
2025-10-21 12:57:00,753.4934442204834,medium
2025-10-21 12:57:30,844.2281505151298,low
2025-10-21 12:58:00,867.6403661519124,low
2025-10-21 12:58:30,774.5522917641406,medium
2025-10-21 12:59:00,853.1174133873786,low
2025-10-21 12:59:30,849.9311096009604,low
2025-10-21 13:00:00,753.3681008852062,medium
2025-10-21 13:00:30,852.6216298292263,low
2025-10-21 13:01:00,793.2161500960924,medium
2025-10-21 13:01:30,845.7325265880723,low
2025-10-21 13:02:00,852.3250149496185,low
2025-10-21 13:02:30,883.6796924058791,low
2025-10-21 13:03:00,855.1655231190301,low
2025-10-21 13:03:30,705.657004363316,high
2025-10-21 13:04:00,905.9741577724275,low
2025-10-21 13:04:30,782.1375636222957,medium
2025-10-21 13:05:00,709.7901986638252,high
2025-10-21 13:05:30,801.7306572108392,medium
2025-10-21 13:06:00,833.3409149744272,low
2025-10-21 13:06:30,789.3093752461283,medium
2025-10-21 13:07:00,857.9222414709959,low
2025-10-21 13:07:30,795.663254468985,medium
2025-10-21 13:08:00,857.8313555708894,low
2025-10-21 13:08:30,733.7352975979802,high
2025-10-21 13:09:00,693.1077353049184,high
2025-10-21 13:09:30,814.8764672119833,medium
2025-10-21 13:10:00,705.2239965228601,high
2025-10-21 13:10:30,855.7028938152434,low
2025-10-21 13:11:00,719.4944087858753,high
2025-10-21 13:11:30,861.5938597070344,low
2025-10-21 13:12:00,825.9425688858794,low
2025-10-21 13:12:30,846.9475563415815,low
2025-10-21 13:13:00,754.3479344114453,medium
2025-10-21 13:13:30,833.0987306888019,low
2025-10-21 13:14:00,854.3245675907771,low
2025-10-21 13:14:30,859.9425241079402,low
2025-10-21 13:15:00,664.270318804865,high
2025-10-21 13:15:30,852.0673566203219,low
2025-10-21 13:16:00,860.6677789998901,low
2025-10-21 13:16:30,720.1769090999717,high
2025-10-21 13:17:00,849.067596739819,low
2025-10-21 13:17:30,770.2680142269663,medium
2025-10-21 13:18:00,702.7228006350944,high
2025-10-21 13:18:30,770.6216097765905,medium
2025-10-21 13:19:00,892.0440987572392,low
2025-10-21 13:19:30,887.7902595370324,low
2025-10-21 13:20:00,893.9375859595183,low
2025-10-21 13:20:30,758.272215663707,medium
2025-10-21 13:21:00,792.0726562134076,medium
2025-10-21 13:21:30,869.4244476208055,low
2025-10-21 13:22:00,701.2912994475802,high
2025-10-21 13:22:30,763.5574143068443,medium
2025-10-21 13:23:00,860.4657309224466,low
2025-10-21 13:23:30,834.9055431263989,low
2025-10-21 13:24:00,819.9289930738622,low
2025-10-21 13:24:30,711.5335129034049,high
2025-10-21 13:25:00,877.5133404866815,low
2025-10-21 13:25:30,782.4429132095006,medium
2025-10-21 13:26:00,709.7641166839727,high
2025-10-21 13:26:30,799.8233655385606,medium
2025-10-21 13:27:00,734.7991677044347,high
2025-10-21 13:27:30,844.2753037796816,low
2025-10-21 13:28:00,795.0070414414184,medium
2025-10-21 13:28:30,834.8409198564678,low
2025-10-21 13:29:00,678.9546111512607,high
2025-10-21 13:29:30,882.5881492765842,low
2025-10-21 13:30:00,871.264912484378,low
2025-10-21 13:30:30,691.2344575272931,high
2025-10-21 13:31:00,857.0875767748396,low
2025-10-21 13:31:30,804.5075562945697,medium
2025-10-21 13:32:00,857.0709000821674,low
2025-10-21 13:32:30,778.5757735780047,medium
2025-10-21 13:33:00,875.4855869701967,low
2025-10-21 13:33:30,786.5458262996159,medium
2025-10-21 13:34:00,866.0432250959368,low
2025-10-21 13:34:30,847.975126132862,low
2025-10-21 13:35:00,759.4103513657866,medium
2025-10-21 13:35:30,759.669207429818,medium
2025-10-21 13:36:00,697.467874369359,high
2025-10-21 13:36:30,882.4797451058953,low
2025-10-21 13:37:00,779.3295582307733,medium
2025-10-21 13:37:30,807.2224502633944,medium
2025-10-21 13:38:00,782.1229545419529,medium
2025-10-21 13:38:30,708.5553799871933,high
2025-10-21 13:39:00,852.9299082044611,low
2025-10-21 13:39:30,690.2660007320635,high
2025-10-21 13:40:00,709.8045206492392,high
2025-10-21 13:40:30,777.925714852912,medium
2025-10-21 13:41:00,690.9173977792243,high
2025-10-21 13:41:30,778.2947705312752,medium
2025-10-21 13:42:00,846.3144196600605,low
2025-10-21 13:42:30,768.4753062865173,medium
2025-10-21 13:43:00,686.4135765128188,high
2025-10-21 13:43:30,734.0200675851709,high
2025-10-21 13:44:00,783.0011778527647,medium
2025-10-21 13:44:30,699.6337911960862,high
2025-10-21 13:45:00,862.1239043561778,low
2025-10-21 13:45:30,744.4012289000522,medium
2025-10-21 13:46:00,840.9227872714663,low
2025-10-21 13:46:30,781.0372165116834,medium
2025-10-21 13:47:00,849.7766427142302,low
2025-10-21 13:47:30,854.4019656711469,low
2025-10-21 13:48:00,854.5145570607058,low
2025-10-21 13:48:30,694.7865268464462,high
2025-10-21 13:49:00,826.2517083577972,low
2025-10-21 13:49:30,872.6094712150397,low
2025-10-21 13:50:00,819.2900448967623,medium
2025-10-21 13:50:30,872.8722675918507,low
2025-10-21 13:51:00,862.5249168673853,low
2025-10-21 13:51:30,778.236736975154,medium
2025-10-21 13:52:00,736.8852229040453,medium
2025-10-21 13:52:30,709.5748265290348,high
2025-10-21 13:53:00,849.9916146807716,low
2025-10-21 13:53:30,747.6247968722682,medium
2025-10-21 13:54:00,812.1807067876707,medium
2025-10-21 13:54:30,903.2489622854762,low
2025-10-21 13:55:00,761.0839234042819,medium
2025-10-21 13:55:30,873.6954602558241,low
2025-10-21 13:56:00,887.227572094313,low
2025-10-21 13:56:30,882.3350079914123,low
2025-10-21 13:57:00,755.8051200289524,medium
2025-10-21 13:57:30,885.1394237185425,low
2025-10-21 13:58:00,899.9858486129755,low
2025-10-21 13:58:30,879.7478973491882,low
2025-10-21 13:59:00,872.4492213306976,low
2025-10-21 13:59:30,877.3266561496957,low
2025-10-21 14:00:00,788.4610319468785,low
2025-10-21 14:00:30,840.8968993255953,low
2025-10-21 14:01:00,786.5259171127553,medium
2025-10-21 14:01:30,782.4293109472725,medium
2025-10-21 14:02:00,768.9827524094717,medium
2025-10-21 14:02:30,778.2281365846145,medium
2025-10-21 14:03:00,842.0724156537364,low
2025-10-21 14:03:30,693.6430992006145,high
2025-10-21 14:04:00,844.362571432658,low
2025-10-21 14:04:30,871.0474331108963,low
2025-10-21 14:05:00,865.3364635423893,low
2025-10-21 14:05:30,834.909484762837,low
2025-10-21 14:06:00,845.7092252396026,low
2025-10-21 14:06:30,793.4996154993687,medium
2025-10-21 14:07:00,874.3428421205101,low
2025-10-21 14:07:30,871.4366056988633,low
2025-10-21 14:08:00,757.3645923110071,medium
2025-10-21 14:08:30,881.209816305449,low
2025-10-21 14:09:00,757.4297158833905,medium
2025-10-21 14:09:30,871.4473675735262,low
2025-10-21 14:10:00,863.4817644390761,low
2025-10-21 14:10:30,853.4371634839795,low
2025-10-21 14:11:00,872.7172565138626,low
2025-10-21 14:11:30,798.9687398484533,medium
2025-10-21 14:12:00,807.3814235099002,medium
2025-10-21 14:12:30,801.8785871414656,medium
2025-10-21 14:13:00,876.3752241839942,low
2025-10-21 14:13:30,878.0574254119645,low
2025-10-21 14:14:00,848.0594752903282,low
2025-10-21 14:14:30,881.065974767033,low
2025-10-21 14:15:00,790.353843295799,medium
2025-10-21 14:15:30,649.9322961434008,high
2025-10-21 14:16:00,858.3548735875015,low
2025-10-21 14:16:30,855.4115523721314,low
2025-10-21 14:17:00,841.919982360364,low
2025-10-21 14:17:30,801.1828908757886,medium
2025-10-21 14:18:00,839.172761402653,low
2025-10-21 14:18:30,778.36022966487,medium
2025-10-21 14:19:00,802.3919479123485,medium
2025-10-21 14:19:30,892.4208925547696,low
2025-10-21 14:20:00,797.8883387992491,medium
2025-10-21 14:20:30,755.0989610665819,medium
2025-10-21 14:21:00,846.6878304683233,low
2025-10-21 14:21:30,842.5590841066622,low
2025-10-21 14:22:00,846.8009756520445,low
2025-10-21 14:22:30,786.3374154265148,medium
2025-10-21 14:23:00,835.3367597617369,low
2025-10-21 14:23:30,887.5336521006832,low
2025-10-21 14:24:00,798.8969929381274,medium
2025-10-21 14:24:30,715.9984006179421,high
2025-10-21 14:25:00,850.5541541798772,low
2025-10-21 14:25:30,854.5963192100043,low
2025-10-21 14:26:00,889.588440762434,low
2025-10-21 14:26:30,776.9458289892867,medium
2025-10-21 14:27:00,854.9220571398334,low
2025-10-21 14:27:30,704.1612926671608,high
2025-10-21 14:28:00,766.071280087928,medium
2025-10-21 14:28:30,851.4207374952153,low
2025-10-21 14:29:00,781.4581885513956,medium
2025-10-21 14:29:30,802.6989772162901,medium
2025-10-21 14:30:00,685.8622084030167,high
2025-10-21 14:30:30,673.8839860891406,high
2025-10-21 14:31:00,710.4551126240501,high
2025-10-21 14:31:30,887.3159044506227,low
2025-10-21 14:32:00,864.0099384922677,low
2025-10-21 14:32:30,789.6467692310471,medium
2025-10-21 14:33:00,709.3615290999201,high
2025-10-21 14:33:30,834.6993782735464,low
2025-10-21 14:34:00,862.2910704781501,low
2025-10-21 14:34:30,724.1103662425658,high
2025-10-21 14:35:00,705.2114691463756,high
2025-10-21 14:35:30,774.606364583885,medium
2025-10-21 14:36:00,801.4513470061116,medium
2025-10-21 14:36:30,881.7949517834003,low
2025-10-21 14:37:00,697.4172906081494,high
2025-10-21 14:37:30,874.919763080003,low
2025-10-21 14:38:00,742.4284780744197,medium
2025-10-21 14:38:30,757.2075696860895,medium
2025-10-21 14:39:00,786.7086701438984,medium
2025-10-21 14:39:30,867.9873840462565,low
2025-10-21 14:40:00,823.6743575699594,medium
2025-10-21 14:40:30,851.7465710609515,low
2025-10-21 14:41:00,774.7890561010277,medium
2025-10-21 14:41:30,869.8917429683421,low
2025-10-21 14:42:00,807.3713874607869,medium
2025-10-21 14:42:30,838.7755368087315,low
2025-10-21 14:43:00,830.2315492300575,low
2025-10-21 14:43:30,836.5387609493504,low
2025-10-21 14:44:00,758.8154998299472,medium
2025-10-21 14:44:30,869.2156135650946,low
2025-10-21 14:45:00,844.5161484586863,low
2025-10-21 14:45:30,813.2007863478452,medium
2025-10-21 14:46:00,766.359350644369,medium
2025-10-21 14:46:30,701.7644930848408,high
2025-10-21 14:47:00,802.1983457318896,medium
2025-10-21 14:47:30,853.4399723543656,low
2025-10-21 14:48:00,778.4084657519791,medium
2025-10-21 14:48:30,840.8878707830994,low
2025-10-21 14:49:00,780.3902681420174,medium
2025-10-21 14:49:30,779.1771067300541,medium
2025-10-21 14:50:00,779.2199838095297,medium
2025-10-21 14:50:30,848.9758288927135,low
2025-10-21 14:51:00,888.594791850302,low
2025-10-21 14:51:30,783.4604031266691,medium
2025-10-21 14:52:00,771.1127568221004,medium
2025-10-21 14:52:30,859.50710495253,low
2025-10-21 14:53:00,777.7835822686078,medium
2025-10-21 14:53:30,781.4651350023512,medium
2025-10-21 14:54:00,743.9184492998874,medium
2025-10-21 14:54:30,843.3999292471223,low
2025-10-21 14:55:00,846.6408385868577,low
2025-10-21 14:55:30,886.0640589132626,low
2025-10-21 14:56:00,854.4573007180918,low
2025-10-21 14:56:30,682.9406070623761,high
2025-10-21 14:57:00,853.0967145679801,low
2025-10-21 14:57:30,774.1743956761985,medium
2025-10-21 14:58:00,764.4176487061397,medium
2025-10-21 14:58:30,675.7671413585408,high
2025-10-21 14:59:00,871.86761120081,low
2025-10-21 14:59:30,757.6610079172502,medium
2025-10-21 15:00:00,813.6998074550899,medium
2025-10-21 15:00:30,861.9471269458039,low
2025-10-21 15:01:00,804.9861561661747,medium
2025-10-21 15:01:30,859.7103310108891,low
2025-10-21 15:02:00,863.6128760227533,low
2025-10-21 15:02:30,699.9519779040343,high
2025-10-21 15:03:00,871.9735114342512,low
2025-10-21 15:03:30,872.5933057115218,low
2025-10-21 15:04:00,856.9589902600994,low
2025-10-21 15:04:30,749.8881269542775,medium
2025-10-21 15:05:00,809.7142698719061,low
2025-10-21 15:05:30,876.3567402273616,low
2025-10-21 15:06:00,868.0800393597674,low
2025-10-21 15:06:30,835.256963660474,low
2025-10-21 15:07:00,868.4143928560618,low
2025-10-21 15:07:30,732.2988077269906,medium
2025-10-21 15:08:00,864.4119066283165,low
2025-10-21 15:08:30,718.8208041979824,high
2025-10-21 15:09:00,767.6903568304031,medium
2025-10-21 15:09:30,672.7989927859032,high
2025-10-21 15:10:00,862.9632086676357,low
2025-10-21 15:10:30,896.861357140976,low
2025-10-21 15:11:00,830.9955364377037,low
2025-10-21 15:11:30,890.5089500778345,low
2025-10-21 15:12:00,861.5933583527865,low
2025-10-21 15:12:30,787.9081014719239,medium
2025-10-21 15:13:00,847.4367446348131,low
2025-10-21 15:13:30,906.1072273967629,low
2025-10-21 15:14:00,847.53179327378,low
2025-10-21 15:14:30,850.7368484100319,low
2025-10-21 15:15:00,757.0457549048659,medium
2025-10-21 15:15:30,792.5763753403452,medium
2025-10-21 15:16:00,779.9401861443239,medium
2025-10-21 15:16:30,844.1089561528687,low
2025-10-21 15:17:00,839.4767276412518,low
2025-10-21 15:17:30,875.4347647275262,low
2025-10-21 15:18:00,718.5286650550527,high
2025-10-21 15:18:30,858.1053629247098,low
2025-10-21 15:19:00,785.8493115864837,medium
2025-10-21 15:19:30,870.4013407325004,low
2025-10-21 15:20:00,802.7427128326751,medium
2025-10-21 15:20:30,845.3720790278657,low
2025-10-21 15:21:00,777.4913776811321,medium
2025-10-21 15:21:30,773.388874234245,medium
2025-10-21 15:22:00,844.5257137730993,low
2025-10-21 15:22:30,887.1416472842316,low
2025-10-21 15:23:00,818.2808493538529,medium
2025-10-21 15:23:30,864.7245377474187,low
2025-10-21 15:24:00,782.173965720079,medium
2025-10-21 15:24:30,781.7971265723529,medium
2025-10-21 15:25:00,803.8652168250478,medium
2025-10-21 15:25:30,836.5809031870265,low
2025-10-21 15:26:00,667.5809985592189,high
2025-10-21 15:26:30,867.5175319572026,low
2025-10-21 15:27:00,830.9063335990421,low
2025-10-21 15:27:30,831.1084476261777,low
2025-10-21 15:28:00,856.681923541784,low
2025-10-21 15:28:30,713.9360509753891,high
2025-10-21 15:29:00,797.8068279952766,medium
2025-10-21 15:29:30,788.69878955425,medium
2025-10-21 15:30:00,842.2717160538294,low
2025-10-21 15:30:30,679.2219146729666,high
2025-10-21 15:31:00,832.2033821228846,low
2025-10-21 15:31:30,859.5571367548065,low
2025-10-21 15:32:00,774.3208200210577,medium
2025-10-21 15:32:30,792.0317785920118,medium
2025-10-21 15:33:00,846.9419198707253,low
2025-10-21 15:33:30,763.0440739140237,medium
2025-10-21 15:34:00,851.184897080586,low
2025-10-21 15:34:30,856.722150758193,low
2025-10-21 15:35:00,785.531299029385,medium
2025-10-21 15:35:30,777.3564602385453,medium
2025-10-21 15:36:00,863.6393270576278,low
2025-10-21 15:36:30,794.4565455037948,medium
2025-10-21 15:37:00,788.4473489579975,medium
2025-10-21 15:37:30,784.4614949028913,medium
2025-10-21 15:38:00,811.9268326769106,low
2025-10-21 15:38:30,845.3062079576484,low
2025-10-21 15:39:00,803.4849734886891,medium
2025-10-21 15:39:30,727.9389529016239,high
2025-10-21 15:40:00,858.0468713788617,low
2025-10-21 15:40:30,874.5309868969327,low
2025-10-21 15:41:00,708.2380357024256,high
2025-10-21 15:41:30,687.7148705057484,high
2025-10-21 15:42:00,716.836027740919,high
2025-10-21 15:42:30,841.6186800888232,low
2025-10-21 15:43:00,842.2104493626676,low
2025-10-21 15:43:30,893.2291515717034,low
2025-10-21 15:44:00,877.697686214244,low
2025-10-21 15:44:30,840.9427245331246,low
2025-10-21 15:45:00,799.9794280552702,medium
2025-10-21 15:45:30,712.48574464213,high
2025-10-21 15:46:00,882.6710134816342,low
2025-10-21 15:46:30,904.8466339939242,low
2025-10-21 15:47:00,795.0526160845366,medium
2025-10-21 15:47:30,749.2420568432991,medium
2025-10-21 15:48:00,851.5986960335359,low
2025-10-21 15:48:30,853.3297367769673,low
2025-10-21 15:49:00,798.8967768735918,medium
2025-10-21 15:49:30,773.1920624502943,medium
2025-10-21 15:50:00,859.160187834893,low
2025-10-21 15:50:30,775.5313989479284,medium
2025-10-21 15:51:00,839.6068187235476,medium
2025-10-21 15:51:30,772.024509205008,medium
2025-10-21 15:52:00,764.5847400078093,medium
2025-10-21 15:52:30,845.6305355171146,low
2025-10-21 15:53:00,851.1248454596242,low
2025-10-21 15:53:30,724.6948524465229,high
2025-10-21 15:54:00,866.3964179469474,low
2025-10-21 15:54:30,836.8592116360693,low
2025-10-21 15:55:00,843.8154458616502,low
2025-10-21 15:55:30,875.659283652785,low
2025-10-21 15:56:00,778.9260154054012,medium
2025-10-21 15:56:30,704.451185918308,high
2025-10-21 15:57:00,784.9528040802837,medium
2025-10-21 15:57:30,745.3833279201851,medium
2025-10-21 15:58:00,676.0782705950672,high
2025-10-21 15:58:30,856.6941121705895,low
2025-10-21 15:59:00,804.4762224637933,medium
2025-10-21 15:59:30,865.6528496511035,low
2025-10-21 16:00:00,830.1326211234518,low
2025-10-21 16:00:30,846.911787665965,low
2025-10-21 16:01:00,920.0098841699696,low
2025-10-21 16:01:30,851.7501926635177,low
2025-10-21 16:02:00,748.9789813332911,medium
2025-10-21 16:02:30,807.0441086928249,medium
2025-10-21 16:03:00,689.6960002350036,high
2025-10-21 16:03:30,859.8502759252239,low
2025-10-21 16:04:00,899.9388928880136,low
2025-10-21 16:04:30,822.8952129874249,low
2025-10-21 16:05:00,856.2534582561724,low
2025-10-21 16:05:30,850.4165133977565,low
2025-10-21 16:06:00,858.3752981949177,low
2025-10-21 16:06:30,799.3273935277226,medium
2025-10-21 16:07:00,811.3499153667367,low
2025-10-21 16:07:30,868.5526776360338,low
2025-10-21 16:08:00,778.2223009591653,medium
2025-10-21 16:08:30,696.3949955519712,high
2025-10-21 16:09:00,798.0844815997252,medium
2025-10-21 16:09:30,703.2769938827166,high
2025-10-21 16:10:00,769.7119393641627,medium
2025-10-21 16:10:30,853.1132724862405,low
2025-10-21 16:11:00,703.0461222313224,high
2025-10-21 16:11:30,846.7483924571864,low
2025-10-21 16:12:00,803.193743612673,medium
2025-10-21 16:12:30,894.2838719792312,low
2025-10-21 16:13:00,829.4455328505622,low
2025-10-21 16:13:30,718.6926019067954,high
2025-10-21 16:14:00,788.2449484854424,medium
2025-10-21 16:14:30,747.348644898485,medium
2025-10-21 16:15:00,669.8178989725866,high
2025-10-21 16:15:30,838.6402396399992,low
2025-10-21 16:16:00,691.158031414743,high
2025-10-21 16:16:30,782.9664876281652,medium
2025-10-21 16:17:00,806.9710689009554,medium
2025-10-21 16:17:30,769.9316196562469,medium
2025-10-21 16:18:00,723.6058274322347,high
2025-10-21 16:18:30,671.8250303631299,high
2025-10-21 16:19:00,740.0955929520563,medium
2025-10-21 16:19:30,708.2632069119891,high
2025-10-21 16:20:00,847.3787049472041,low
2025-10-21 16:20:30,790.8885294694599,medium
2025-10-21 16:21:00,731.9308180399274,high
2025-10-21 16:21:30,845.0652001622426,low
2025-10-21 16:22:00,870.1543083811727,low
2025-10-21 16:22:30,885.0510528758613,low
2025-10-21 16:23:00,854.3512736805125,low
2025-10-21 16:23:30,794.1396983368113,medium
2025-10-21 16:24:00,734.1947329469574,high
2025-10-21 16:24:30,879.5771201546294,low
2025-10-21 16:25:00,709.834241355563,high
2025-10-21 16:25:30,788.2935602646427,medium
2025-10-21 16:26:00,791.2251953735688,medium
2025-10-21 16:26:30,877.3690758756666,low
2025-10-21 16:27:00,862.8968780898639,low
2025-10-21 16:27:30,788.4114523812369,medium
2025-10-21 16:28:00,813.1712632371841,medium
2025-10-21 16:28:30,721.0525599915455,high
2025-10-21 16:29:00,859.9231332360698,low
2025-10-21 16:29:30,797.8385072108472,medium
2025-10-21 16:30:00,818.0121091221381,low
2025-10-21 16:30:30,694.5965343912065,high
2025-10-21 16:31:00,810.3835071402013,medium
2025-10-21 16:31:30,883.8104372620527,low
2025-10-21 16:32:00,867.1434198664306,low
2025-10-21 16:32:30,826.0870543380274,low
2025-10-21 16:33:00,829.256247123711,low
2025-10-21 16:33:30,871.9883254246547,low
2025-10-21 16:34:00,781.8795741914704,medium
2025-10-21 16:34:30,850.4063124438062,low
2025-10-21 16:35:00,754.4788502149642,medium
2025-10-21 16:35:30,873.9793113495176,low
2025-10-21 16:36:00,814.5273474196397,low
2025-10-21 16:36:30,700.8118017861062,high
2025-10-21 16:37:00,858.5075768216773,low
2025-10-21 16:37:30,772.8184793624641,medium
2025-10-21 16:38:00,784.5990876147647,medium
2025-10-21 16:38:30,812.6116063830949,low
2025-10-21 16:39:00,898.3215957124938,low
2025-10-21 16:39:30,778.4347461338712,medium
2025-10-21 16:40:00,697.0042200446279,high
2025-10-21 16:40:30,881.3121562269476,low
2025-10-21 16:41:00,869.467607636955,low
2025-10-21 16:41:30,743.823627637952,medium
2025-10-21 16:42:00,822.5744989507297,low
2025-10-21 16:42:30,855.5053889630751,low
2025-10-21 16:43:00,848.4472119788157,low
2025-10-21 16:43:30,877.1206215271385,low
2025-10-21 16:44:00,852.8901620728778,low
2025-10-21 16:44:30,844.5371177477437,low
2025-10-21 16:45:00,776.0483945641108,medium
2025-10-21 16:45:30,787.0652382291008,medium
2025-10-21 16:46:00,765.332952232676,medium
2025-10-21 16:46:30,861.0041635683788,low
2025-10-21 16:47:00,898.7501299300774,low
2025-10-21 16:47:30,862.1460545140534,low
2025-10-21 16:48:00,828.2564580342764,low
2025-10-21 16:48:30,800.5439393991074,medium
2025-10-21 16:49:00,765.6127418326168,medium
2025-10-21 16:49:30,852.9923572279982,low
2025-10-21 16:50:00,859.8370666722396,low
2025-10-21 16:50:30,826.1124633572517,low
2025-10-21 16:51:00,867.9785937295364,low
2025-10-21 16:51:30,786.3424213283384,medium
2025-10-21 16:52:00,768.3654752270628,medium
2025-10-21 16:52:30,716.7984679114047,high
2025-10-21 16:53:00,794.5166163901631,medium
2025-10-21 16:53:30,786.0821933763726,medium
2025-10-21 16:54:00,809.1162775523349,medium
2025-10-21 16:54:30,862.582082067314,low
2025-10-21 16:55:00,869.8215480496071,low
2025-10-21 16:55:30,898.164019796652,low
2025-10-21 16:56:00,855.1205874875747,low
2025-10-21 16:56:30,773.1869089876541,medium
2025-10-21 16:57:00,769.7714750990573,medium
2025-10-21 16:57:30,763.6175584654459,medium
2025-10-21 16:58:00,877.2238896894493,low
2025-10-21 16:58:30,896.0071826013234,low
2025-10-21 16:59:00,857.9005225779943,low
2025-10-21 16:59:30,889.390642072827,low
2025-10-21 17:00:00,860.7600820187297,low
2025-10-21 17:00:30,710.7604589896362,high
2025-10-21 17:01:00,712.9213280439251,high
2025-10-21 17:01:30,708.5528490256103,high
2025-10-21 17:02:00,794.9846744568018,medium
2025-10-21 17:02:30,871.0914736616946,low
2025-10-21 17:03:00,768.4242552699584,medium
2025-10-21 17:03:30,847.208363113595,low
2025-10-21 17:04:00,786.5989322335082,medium
2025-10-21 17:04:30,880.1835131930264,low
2025-10-21 17:05:00,889.2692098045026,low
2025-10-21 17:05:30,876.1661727299185,low
2025-10-21 17:06:00,782.5160955557508,medium
2025-10-21 17:06:30,833.2367952246241,low
2025-10-21 17:07:00,841.4180931051434,low
2025-10-21 17:07:30,783.2149400934801,medium
2025-10-21 17:08:00,786.698728296836,medium
2025-10-21 17:08:30,878.6441727325526,low
2025-10-21 17:09:00,865.120343551665,low
2025-10-21 17:09:30,768.191882277725,medium
2025-10-21 17:10:00,677.8992092937929,high
2025-10-21 17:10:30,767.9996827644175,medium
2025-10-21 17:11:00,672.5121940972012,high
2025-10-21 17:11:30,699.7934242834646,high
2025-10-21 17:12:00,680.7188660770116,high
2025-10-21 17:12:30,866.2881557226804,low
2025-10-21 17:13:00,822.7088814754864,medium
2025-10-21 17:13:30,759.1108436328865,medium
2025-10-21 17:14:00,847.5415133669878,low
2025-10-21 17:14:30,792.6985017179145,medium
2025-10-21 17:15:00,865.3089187148992,low
2025-10-21 17:15:30,718.0394186830124,high
2025-10-21 17:16:00,691.2046464693092,high
2025-10-21 17:16:30,760.499185124271,medium
2025-10-21 17:17:00,876.2136648406575,low
2025-10-21 17:17:30,862.3500980280475,low
2025-10-21 17:18:00,771.2734040386048,medium
2025-10-21 17:18:30,770.9086729301854,medium
2025-10-21 17:19:00,784.7326294711692,medium
2025-10-21 17:19:30,752.5022425899897,medium
2025-10-21 17:20:00,865.3882536599738,low
2025-10-21 17:20:30,882.3518757814593,low
2025-10-21 17:21:00,768.8652498990626,medium
2025-10-21 17:21:30,877.1940649961598,low
2025-10-21 17:22:00,793.2488748287138,medium
2025-10-21 17:22:30,712.2899937590349,high
2025-10-21 17:23:00,787.8929325879299,medium
2025-10-21 17:23:30,700.8008519776072,high
2025-10-21 17:24:00,829.7801254880632,low
2025-10-21 17:24:30,823.6342306077486,low
2025-10-21 17:25:00,738.5317687851702,high
2025-10-21 17:25:30,866.9844214343955,low
2025-10-21 17:26:00,810.915828073005,medium
2025-10-21 17:26:30,846.0646090016656,low
2025-10-21 17:27:00,864.608133784577,low
2025-10-21 17:27:30,778.080537860073,medium
2025-10-21 17:28:00,846.3592022474653,low
2025-10-21 17:28:30,859.9981304475273,low
2025-10-21 17:29:00,787.4146327285471,medium
2025-10-21 17:29:30,789.5397483372699,medium
2025-10-21 17:30:00,847.7054620264427,low
2025-10-21 17:30:30,839.4257147886337,low
2025-10-21 17:31:00,804.7556828555985,medium
2025-10-21 17:31:30,881.2114874061136,low
2025-10-21 17:32:00,792.804371894002,medium
2025-10-21 17:32:30,786.3164907535445,medium
2025-10-21 17:33:00,870.9348744875621,low
2025-10-21 17:33:30,856.7224833170928,low
2025-10-21 17:34:00,860.4505213664402,low
2025-10-21 17:34:30,840.2802524882467,low
2025-10-21 17:35:00,884.1500363900324,low
2025-10-21 17:35:30,807.9827687221363,medium
2025-10-21 17:36:00,800.0762102913727,medium
2025-10-21 17:36:30,866.9302572792725,low
2025-10-21 17:37:00,758.5416225095843,medium
2025-10-21 17:37:30,784.9724000755784,medium
2025-10-21 17:38:00,857.5629026343673,low
2025-10-21 17:38:30,689.4488086894884,high
2025-10-21 17:39:00,775.1748693679515,medium
2025-10-21 17:39:30,880.021067304416,low
2025-10-21 17:40:00,861.479356487938,low
2025-10-21 17:40:30,784.6401714147331,medium
2025-10-21 17:41:00,708.3494468761321,high
2025-10-21 17:41:30,760.6299505015588,medium
2025-10-21 17:42:00,856.263407957611,low
2025-10-21 17:42:30,831.0676205593337,medium
2025-10-21 17:43:00,898.9255660411575,low
2025-10-21 17:43:30,858.3846449338718,low
2025-10-21 17:44:00,770.448067172501,medium
2025-10-21 17:44:30,751.8017273491593,medium
2025-10-21 17:45:00,843.7180123113279,low
2025-10-21 17:45:30,855.0293543940583,low
2025-10-21 17:46:00,771.8777294251998,medium
2025-10-21 17:46:30,874.6731355333648,low
2025-10-21 17:47:00,897.602556614876,low
2025-10-21 17:47:30,790.6519092362654,medium
2025-10-21 17:48:00,788.9779391112037,medium
2025-10-21 17:48:30,771.4464945787172,medium
2025-10-21 17:49:00,769.635232547419,medium
2025-10-21 17:49:30,815.5484828181104,medium
2025-10-21 17:50:00,764.5957573934152,medium
2025-10-21 17:50:30,784.7960460128315,medium
2025-10-21 17:51:00,697.9828622756348,high
2025-10-21 17:51:30,808.3848838647425,medium
2025-10-21 17:52:00,887.4232371699418,low
2025-10-21 17:52:30,859.0980957401018,low
2025-10-21 17:53:00,854.8821754834461,low
2025-10-21 17:53:30,680.4531587598092,high
2025-10-21 17:54:00,690.6623173235957,high
2025-10-21 17:54:30,800.4605636682625,medium
2025-10-21 17:55:00,895.7777221913173,low
2025-10-21 17:55:30,783.2889707667669,medium
2025-10-21 17:56:00,850.85749531266,low
2025-10-21 17:56:30,734.7840272244292,high
2025-10-21 17:57:00,783.04657254269,medium
2025-10-21 17:57:30,700.5064407932639,high
2025-10-21 17:58:00,850.2269446540154,low
2025-10-21 17:58:30,869.7311645457112,low
2025-10-21 17:59:00,894.5506600202095,low
2025-10-21 17:59:30,659.9640186716575,high
2025-10-21 18:00:00,853.0335922676935,low
2025-10-21 18:00:30,697.7501977906608,high
2025-10-21 18:01:00,779.2350615345295,medium
2025-10-21 18:01:30,869.1929821725518,low
2025-10-21 18:02:00,784.6247459853709,medium
2025-10-21 18:02:30,719.141208522952,high
2025-10-21 18:03:00,872.8248502702015,low
2025-10-21 18:03:30,787.1691626845654,medium
2025-10-21 18:04:00,844.7038561564257,low
2025-10-21 18:04:30,718.7829205232629,high
2025-10-21 18:05:00,722.275596511737,high
2025-10-21 18:05:30,883.451325666046,low
2025-10-21 18:06:00,840.2110330187675,low
2025-10-21 18:06:30,857.449814538031,low
2025-10-21 18:07:00,794.922938046302,medium
2025-10-21 18:07:30,837.9056966543008,low
2025-10-21 18:08:00,861.916493194334,low
2025-10-21 18:08:30,793.7674441789692,medium
2025-10-21 18:09:00,700.0192263651642,high
2025-10-21 18:09:30,875.062900901103,low
2025-10-21 18:10:00,720.6079759434479,high
2025-10-21 18:10:30,821.3075381680077,medium
2025-10-21 18:11:00,806.1451792900821,medium
2025-10-21 18:11:30,756.5687860268605,medium
2025-10-21 18:12:00,860.1753264753869,low
2025-10-21 18:12:30,831.7593004191547,low
2025-10-21 18:13:00,710.5318993874536,high
2025-10-21 18:13:30,773.7653349872354,medium
2025-10-21 18:14:00,716.1375803448797,high
2025-10-21 18:14:30,713.3383763468954,high
2025-10-21 18:15:00,884.0238617756694,low
2025-10-21 18:15:30,881.4010993841565,low
2025-10-21 18:16:00,798.6380839442016,medium
2025-10-21 18:16:30,728.1544332396539,high
2025-10-21 18:17:00,865.2779286345904,low
2025-10-21 18:17:30,657.4711701867878,high
2025-10-21 18:18:00,769.7830014950661,medium
2025-10-21 18:18:30,762.4550629689164,medium
2025-10-21 18:19:00,863.3545305920007,low
2025-10-21 18:19:30,904.3752548593604,low
2025-10-21 18:20:00,865.9552407611475,low
2025-10-21 18:20:30,762.3999624625415,medium
2025-10-21 18:21:00,820.4466662346069,medium
2025-10-21 18:21:30,700.3133593193703,high
2025-10-21 18:22:00,834.8425779918496,low
2025-10-21 18:22:30,697.4758534268933,high
2025-10-21 18:23:00,751.4795437237369,medium
2025-10-21 18:23:30,853.0877238579369,low
2025-10-21 18:24:00,810.5915801435276,medium
2025-10-21 18:24:30,852.0115524675649,low
2025-10-21 18:25:00,693.8022070726084,high
2025-10-21 18:25:30,792.707959168395,medium
2025-10-21 18:26:00,697.8496562584696,high
2025-10-21 18:26:30,853.8395986456811,low
2025-10-21 18:27:00,861.5875619320135,low
2025-10-21 18:27:30,881.627497101282,low
2025-10-21 18:28:00,688.1432427053734,high
2025-10-21 18:28:30,823.924053945869,medium
2025-10-21 18:29:00,881.8959570764202,low
2025-10-21 18:29:30,844.870106828891,low
2025-10-21 18:30:00,880.0917455169293,low
2025-10-21 18:30:30,884.3440387048933,low
2025-10-21 18:31:00,852.7726786661633,low
2025-10-21 18:31:30,772.1173054206396,medium
2025-10-21 18:32:00,845.6637043377108,low
2025-10-21 18:32:30,710.0496233168467,high
2025-10-21 18:33:00,801.0500819924113,medium
2025-10-21 18:33:30,822.8057616836763,low
2025-10-21 18:34:00,834.567185751599,low
2025-10-21 18:34:30,860.8943751581619,low
2025-10-21 18:35:00,847.6845738060194,low
2025-10-21 18:35:30,816.299190775775,low
2025-10-21 18:36:00,766.2913349654848,medium
2025-10-21 18:36:30,865.2694704869242,low
2025-10-21 18:37:00,793.6907893315392,medium
2025-10-21 18:37:30,691.9194608172437,high
2025-10-21 18:38:00,726.5179000073354,high
2025-10-21 18:38:30,845.5973134221059,low
2025-10-21 18:39:00,839.748576777585,low
2025-10-21 18:39:30,719.8584163259503,high
2025-10-21 18:40:00,806.6865712887768,medium
2025-10-21 18:40:30,895.1339572568824,low
2025-10-21 18:41:00,781.1694610564174,medium
2025-10-21 18:41:30,835.7221368412395,low
2025-10-21 18:42:00,858.2325733135962,low
2025-10-21 18:42:30,689.6586598905856,high
2025-10-21 18:43:00,869.1076941449825,low
2025-10-21 18:43:30,852.6792216190042,low
2025-10-21 18:44:00,733.7993932853745,medium
2025-10-21 18:44:30,723.1460926287535,high
2025-10-21 18:45:00,748.6764297090992,high
2025-10-21 18:45:30,885.1172276671075,low
2025-10-21 18:46:00,719.7738232770264,high
2025-10-21 18:46:30,829.5208722700087,low
2025-10-21 18:47:00,784.8198572378841,medium
2025-10-21 18:47:30,860.8397336458039,low
2025-10-21 18:48:00,760.495637101524,medium
2025-10-21 18:48:30,699.4105176567444,high
2025-10-21 18:49:00,886.2369135948217,low
2025-10-21 18:49:30,693.4770785454267,high
2025-10-21 18:50:00,815.4548868797015,medium
2025-10-21 18:50:30,800.7844909059788,low
2025-10-21 18:51:00,790.355713016792,medium
2025-10-21 18:51:30,705.5496895211649,high
2025-10-21 18:52:00,834.3397325268829,low
2025-10-21 18:52:30,859.6056087980357,low
2025-10-21 18:53:00,855.2400287260635,low
2025-10-21 18:53:30,842.7685783403003,low
2025-10-21 18:54:00,795.5022710617533,medium
2025-10-21 18:54:30,692.9468912534185,high
2025-10-21 18:55:00,773.3583097802431,medium
2025-10-21 18:55:30,887.085212928175,low
2025-10-21 18:56:00,856.5877563924962,low
2025-10-21 18:56:30,857.9582752951985,low
2025-10-21 18:57:00,856.2328812330148,low
2025-10-21 18:57:30,840.3923404492486,low
2025-10-21 18:58:00,796.8396309818835,medium
2025-10-21 18:58:30,778.5852020162667,medium
2025-10-21 18:59:00,690.5165816670716,high
2025-10-21 18:59:30,757.6637459414559,medium
2025-10-21 19:00:00,843.9124269642158,low
2025-10-21 19:00:30,793.9057568717315,medium
2025-10-21 19:01:00,840.597935544018,low
2025-10-21 19:01:30,665.9304502669045,high
2025-10-21 19:02:00,850.0650013717494,low
2025-10-21 19:02:30,750.8132770254759,medium
2025-10-21 19:03:00,777.4231335480009,medium
2025-10-21 19:03:30,859.0751610973525,low
2025-10-21 19:04:00,768.7977511377278,medium
2025-10-21 19:04:30,791.3398794669159,medium
2025-10-21 19:05:00,785.4518720986772,medium
2025-10-21 19:05:30,857.7548999044707,low
2025-10-21 19:06:00,850.3574812087311,low
2025-10-21 19:06:30,688.6062294589053,high
2025-10-21 19:07:00,807.8289329223749,medium
2025-10-21 19:07:30,910.5777499893846,low
2025-10-21 19:08:00,872.3860614627794,low
2025-10-21 19:08:30,760.1644808388598,medium
2025-10-21 19:09:00,694.8762592109761,high
2025-10-21 19:09:30,776.7555748895144,medium
2025-10-21 19:10:00,853.624048710693,low
2025-10-21 19:10:30,862.7947061797628,low
2025-10-21 19:11:00,881.0540570451512,low
2025-10-21 19:11:30,846.7803823409613,low
2025-10-21 19:12:00,749.4682387611913,medium
2025-10-21 19:12:30,848.2108593165489,low
2025-10-21 19:13:00,808.7769872881852,medium
2025-10-21 19:13:30,848.7509246911245,low
2025-10-21 19:14:00,762.5872107165969,medium
2025-10-21 19:14:30,758.3166304458857,medium
2025-10-21 19:15:00,649.3869768249148,high
2025-10-21 19:15:30,727.1459723138272,high
2025-10-21 19:16:00,852.8270597943939,low
2025-10-21 19:16:30,708.2720663732674,high
2025-10-21 19:17:00,707.2616729643835,high
2025-10-21 19:17:30,856.3455532638415,low
2025-10-21 19:18:00,715.8118984938579,high
2025-10-21 19:18:30,793.5291229587723,medium
2025-10-21 19:19:00,882.7206467652824,low
2025-10-21 19:19:30,826.5146483268227,low
2025-10-21 19:20:00,886.0187225747384,low
2025-10-21 19:20:30,859.4296354774722,low
2025-10-21 19:21:00,821.8230201711456,low
2025-10-21 19:21:30,888.7122902274529,low
2025-10-21 19:22:00,872.7961806090617,low
2025-10-21 19:22:30,781.4551075860619,medium
2025-10-21 19:23:00,775.5664312118505,medium
2025-10-21 19:23:30,701.4503243182984,high
2025-10-21 19:24:00,796.7461949877585,medium
2025-10-21 19:24:30,735.9112692231499,high
2025-10-21 19:25:00,688.8329004785787,high
2025-10-21 19:25:30,724.8755724802528,high
2025-10-21 19:26:00,699.2832050022099,high
2025-10-21 19:26:30,841.8456923574968,low
2025-10-21 19:27:00,766.4967366695297,medium
2025-10-21 19:27:30,876.211712309443,low
2025-10-21 19:28:00,807.864309549837,medium
2025-10-21 19:28:30,790.5948057614581,medium
2025-10-21 19:29:00,816.9781937836024,low
2025-10-21 19:29:30,854.9157321516428,low
2025-10-21 19:30:00,852.4340808288973,low
2025-10-21 19:30:30,792.3455344177178,medium
2025-10-21 19:31:00,790.6185355149287,medium
2025-10-21 19:31:30,685.1478677999805,high
2025-10-21 19:32:00,784.8097153357047,medium
2025-10-21 19:32:30,774.3617073251462,medium
2025-10-21 19:33:00,679.1863854256474,high
2025-10-21 19:33:30,857.6690315703473,low
2025-10-21 19:34:00,766.4186597085686,medium
2025-10-21 19:34:30,717.2936300835202,high
2025-10-21 19:35:00,710.3141076365501,high
2025-10-21 19:35:30,854.9401084411501,low
2025-10-21 19:36:00,809.7852321897658,medium
2025-10-21 19:36:30,700.6731263259992,high
2025-10-21 19:37:00,878.6996668491165,low
2025-10-21 19:37:30,876.9258980114754,low
2025-10-21 19:38:00,892.1859896572494,low
2025-10-21 19:38:30,787.958111529052,medium
2025-10-21 19:39:00,775.7073679756843,medium
2025-10-21 19:39:30,851.284400836103,low
2025-10-21 19:40:00,855.6017089635762,low
2025-10-21 19:40:30,869.2033168203836,low
2025-10-21 19:41:00,702.1691482949931,high
2025-10-21 19:41:30,832.4437852979038,low
2025-10-21 19:42:00,879.6290259323483,low
2025-10-21 19:42:30,719.3931671133964,high
2025-10-21 19:43:00,775.415310893644,medium
2025-10-21 19:43:30,896.070582485877,low
2025-10-21 19:44:00,869.3424102196858,low
2025-10-21 19:44:30,894.0355412928756,low
2025-10-21 19:45:00,778.2917273954504,medium
2025-10-21 19:45:30,883.0540251326388,low
2025-10-21 19:46:00,782.313240129263,medium
2025-10-21 19:46:30,698.2503859393111,high
2025-10-21 19:47:00,715.6223002978511,high
2025-10-21 19:47:30,709.4297175029425,high
2025-10-21 19:48:00,861.1223489203182,low
2025-10-21 19:48:30,709.2114620016002,high
2025-10-21 19:49:00,865.4647577228479,low
2025-10-21 19:49:30,692.8774303296503,high
2025-10-21 19:50:00,722.6519846699093,high
2025-10-21 19:50:30,893.1829159995201,low
2025-10-21 19:51:00,841.3371986207846,low
2025-10-21 19:51:30,751.402126489665,medium
2025-10-21 19:52:00,786.8965398879161,medium
2025-10-21 19:52:30,685.6303231722486,high
2025-10-21 19:53:00,791.4521468102071,medium
2025-10-21 19:53:30,725.6841750330348,high
2025-10-21 19:54:00,850.8096071383792,low
2025-10-21 19:54:30,836.0603504777488,low
2025-10-21 19:55:00,874.050283952119,low
2025-10-21 19:55:30,873.2081687454984,low
2025-10-21 19:56:00,880.9004461701142,low
2025-10-21 19:56:30,858.4527285068365,low
2025-10-21 19:57:00,865.6413281825863,low
2025-10-21 19:57:30,880.5303964072308,low
2025-10-21 19:58:00,718.9139865861736,high
2025-10-21 19:58:30,738.5219273387056,high
2025-10-21 19:59:00,823.1709346610974,low
2025-10-21 19:59:30,797.9682909723632,medium
2025-10-21 20:00:00,764.7612691616486,medium
2025-10-21 20:00:30,762.057073756082,medium
2025-10-21 20:01:00,786.0076020102124,medium
2025-10-21 20:01:30,874.789026124256,low
2025-10-21 20:02:00,867.84291379858,low
2025-10-21 20:02:30,849.1971367504345,low
2025-10-21 20:03:00,869.4191590341467,low
2025-10-21 20:03:30,865.0947682321766,low
2025-10-21 20:04:00,774.1026419952079,medium
2025-10-21 20:04:30,850.9786668374394,low
2025-10-21 20:05:00,738.1235809810028,medium
2025-10-21 20:05:30,794.1264374810852,medium
2025-10-21 20:06:00,838.6060478264797,low
2025-10-21 20:06:30,767.0725153817123,medium
2025-10-21 20:07:00,804.138862141374,medium
2025-10-21 20:07:30,672.7240503689836,high
2025-10-21 20:08:00,841.8659807330656,low
2025-10-21 20:08:30,829.0378668038628,low
2025-10-21 20:09:00,856.5357906995055,low
2025-10-21 20:09:30,792.288285426565,medium
2025-10-21 20:10:00,869.9382829600568,low
2025-10-21 20:10:30,841.4207410874349,low
2025-10-21 20:11:00,876.6720499468347,low
2025-10-21 20:11:30,879.4530691988217,low
2025-10-21 20:12:00,706.0881729464159,high
2025-10-21 20:12:30,860.2529109913605,low
2025-10-21 20:13:00,871.6468834612863,low
2025-10-21 20:13:30,782.5441492284486,medium
2025-10-21 20:14:00,704.4163642438766,high
2025-10-21 20:14:30,848.8068198589236,low
2025-10-21 20:15:00,902.1335745383875,low
2025-10-21 20:15:30,891.5234325842939,low
2025-10-21 20:16:00,855.8639120134859,low
2025-10-21 20:16:30,848.2321986244383,low
2025-10-21 20:17:00,780.7153415615089,medium
2025-10-21 20:17:30,709.4512512970296,high
2025-10-21 20:18:00,773.0817000349514,medium
2025-10-21 20:18:30,706.3967957777843,high
2025-10-21 20:19:00,844.983918645544,low
2025-10-21 20:19:30,847.0404168671649,low
2025-10-21 20:20:00,762.2979057089037,medium
2025-10-21 20:20:30,853.7817626721425,low
2025-10-21 20:21:00,833.8229175175619,low
2025-10-21 20:21:30,878.5095526217128,low
2025-10-21 20:22:00,850.2299266985447,low
2025-10-21 20:22:30,713.8655903911107,high
2025-10-21 20:23:00,872.7837712484849,low
2025-10-21 20:23:30,699.1498157376062,high
2025-10-21 20:24:00,828.3265888576179,low
2025-10-21 20:24:30,782.3717099522805,medium
2025-10-21 20:25:00,650.0095188841711,high
2025-10-21 20:25:30,916.3470014943832,low
2025-10-21 20:26:00,674.542913131254,high
2025-10-21 20:26:30,889.7811503138216,low
2025-10-21 20:27:00,833.3109297977882,low
2025-10-21 20:27:30,688.9337345023453,high
2025-10-21 20:28:00,857.0268580355963,low
2025-10-21 20:28:30,794.9361947498602,low
2025-10-21 20:29:00,672.2298642905179,high
2025-10-21 20:29:30,840.4713299940172,low
2025-10-21 20:30:00,901.1440564189285,low
2025-10-21 20:30:30,865.7126831011399,low
2025-10-21 20:31:00,832.3422997366245,low
2025-10-21 20:31:30,783.3230094372592,medium
2025-10-21 20:32:00,838.7723818704778,low
2025-10-21 20:32:30,698.2475036826381,high
2025-10-21 20:33:00,864.9917173880591,low
2025-10-21 20:33:30,744.9744448464679,medium
2025-10-21 20:34:00,779.7204738248322,medium
2025-10-21 20:34:30,778.9395260162227,medium
2025-10-21 20:35:00,794.5594061376764,medium
2025-10-21 20:35:30,850.6913761967041,low
2025-10-21 20:36:00,675.8909656621679,high
2025-10-21 20:36:30,692.1859886863557,high
2025-10-21 20:37:00,841.0444712192549,low
2025-10-21 20:37:30,788.0866684700301,medium
2025-10-21 20:38:00,765.530661245652,medium
2025-10-21 20:38:30,780.5637000043562,medium
2025-10-21 20:39:00,752.4902174176955,medium
2025-10-21 20:39:30,725.2530433249276,high
2025-10-21 20:40:00,832.0231377109233,low
2025-10-21 20:40:30,719.1964061767802,high
2025-10-21 20:41:00,869.4674572650971,low
2025-10-21 20:41:30,801.018132172786,medium
2025-10-21 20:42:00,869.3914340314742,low
2025-10-21 20:42:30,792.5834538907892,medium
2025-10-21 20:43:00,788.1934549516038,medium
2025-10-21 20:43:30,897.2630942451844,low
2025-10-21 20:44:00,727.7266257409532,high
2025-10-21 20:44:30,852.8834681640548,low
2025-10-21 20:45:00,897.594379863208,low
2025-10-21 20:45:30,808.0030681091572,medium
2025-10-21 20:46:00,870.6848846642864,low
2025-10-21 20:46:30,865.0878666427606,low
2025-10-21 20:47:00,672.5555714585184,high
2025-10-21 20:47:30,772.7924923966378,medium
2025-10-21 20:48:00,788.0482212833674,medium
2025-10-21 20:48:30,848.0636038957567,low
2025-10-21 20:49:00,779.580842804796,medium
2025-10-21 20:49:30,772.3282261495209,medium
2025-10-21 20:50:00,856.4469154346141,low
2025-10-21 20:50:30,864.2560631518405,low
2025-10-21 20:51:00,862.1275763556459,low
2025-10-21 20:51:30,786.8484410856014,medium
2025-10-21 20:52:00,676.7455552016947,high
2025-10-21 20:52:30,862.8119234364436,low
2025-10-21 20:53:00,779.3407453082514,medium
2025-10-21 20:53:30,851.2806624764746,low
2025-10-21 20:54:00,700.550031851556,high
2025-10-21 20:54:30,840.670774037106,low
2025-10-21 20:55:00,767.8576119948553,medium
2025-10-21 20:55:30,792.6519058970931,medium
2025-10-21 20:56:00,742.1732176232387,medium
2025-10-21 20:56:30,780.9019302641127,medium
2025-10-21 20:57:00,846.0495916933794,low
2025-10-21 20:57:30,774.5540202431135,medium
2025-10-21 20:58:00,808.8166952587948,medium
2025-10-21 20:58:30,837.4323569746864,low
2025-10-21 20:59:00,847.0652275667446,low
2025-10-21 20:59:30,772.0992714649565,medium
2025-10-21 21:00:00,851.7453544997176,low
2025-10-21 21:00:30,854.6682102472344,low
2025-10-21 21:01:00,796.7132530683646,low
2025-10-21 21:01:30,828.2403176548856,low
2025-10-21 21:02:00,700.5859524667524,high
2025-10-21 21:02:30,697.8167411234359,high
2025-10-21 21:03:00,773.873904170724,medium
2025-10-21 21:03:30,706.4815490521156,high
2025-10-21 21:04:00,871.97667434112,low
2025-10-21 21:04:30,870.4979229263746,low
2025-10-21 21:05:00,792.4464866858481,medium
2025-10-21 21:05:30,789.980204451488,medium
2025-10-21 21:06:00,774.0783623073136,medium
2025-10-21 21:06:30,704.9877832457195,high
2025-10-21 21:07:00,811.0072126956958,medium
2025-10-21 21:07:30,847.4064062719912,low
2025-10-21 21:08:00,820.920525298111,low
2025-10-21 21:08:30,763.0903939521701,medium
2025-10-21 21:09:00,770.60417108275,medium
2025-10-21 21:09:30,814.7527362453144,medium
2025-10-21 21:10:00,859.2485830740721,low
2025-10-21 21:10:30,845.0497836405174,low
2025-10-21 21:11:00,897.2166023798014,low
2025-10-21 21:11:30,809.3300468156607,medium
2025-10-21 21:12:00,728.6667121797299,high
2025-10-21 21:12:30,824.791540309407,low
2025-10-21 21:13:00,856.1190045429154,low
2025-10-21 21:13:30,778.0003223969611,medium
2025-10-21 21:14:00,846.9889898776443,medium
2025-10-21 21:14:30,752.4198542946262,medium
2025-10-21 21:15:00,792.7380789554098,medium
2025-10-21 21:15:30,856.9468272201224,low
2025-10-21 21:16:00,852.7086834902077,low
2025-10-21 21:16:30,754.5999277345477,medium
2025-10-21 21:17:00,678.178497080208,high
2025-10-21 21:17:30,896.8973793150532,low
2025-10-21 21:18:00,816.4016293196736,medium
2025-10-21 21:18:30,792.5833642710276,medium
2025-10-21 21:19:00,820.2725886135861,medium
2025-10-21 21:19:30,636.247802214532,high
2025-10-21 21:20:00,681.5198702293745,high
2025-10-21 21:20:30,837.6507257350482,low
2025-10-21 21:21:00,762.197674350569,medium
2025-10-21 21:21:30,790.3700031823129,medium
2025-10-21 21:22:00,792.8936533792053,medium
2025-10-21 21:22:30,826.8530632758419,low
2025-10-21 21:23:00,816.2894803480194,low
2025-10-21 21:23:30,721.4828743221793,high
2025-10-21 21:24:00,816.9496708646642,medium
2025-10-21 21:24:30,862.8399889332956,low
2025-10-21 21:25:00,852.3497069385191,low
2025-10-21 21:25:30,860.6954572414508,low
2025-10-21 21:26:00,837.6277862421107,low
2025-10-21 21:26:30,880.8669366183203,low
2025-10-21 21:27:00,674.334494727239,high
2025-10-21 21:27:30,685.9659724565809,high
2025-10-21 21:28:00,676.9596901676457,high
2025-10-21 21:28:30,844.7976938266108,low
2025-10-21 21:29:00,850.8984558245686,low
2025-10-21 21:29:30,792.5486140620932,medium
2025-10-21 21:30:00,757.0542897999563,medium
2025-10-21 21:30:30,860.7455994716536,low
2025-10-21 21:31:00,773.0887894609518,medium
2025-10-21 21:31:30,809.643403874434,medium
2025-10-21 21:32:00,716.4016289082622,high
2025-10-21 21:32:30,767.5649614935843,medium
2025-10-21 21:33:00,882.1484270960977,low
2025-10-21 21:33:30,798.2083734579679,medium
2025-10-21 21:34:00,841.0715502086714,low
2025-10-21 21:34:30,870.5875712698232,low
2025-10-21 21:35:00,783.3555435529274,medium
2025-10-21 21:35:30,755.6100236244904,medium
2025-10-21 21:36:00,770.9808892218738,medium
2025-10-21 21:36:30,790.1709225651291,medium
2025-10-21 21:37:00,770.8592345648868,medium
2025-10-21 21:37:30,834.457886131948,low
2025-10-21 21:38:00,709.8119102365259,high
2025-10-21 21:38:30,733.6592873331269,high
2025-10-21 21:39:00,691.3911342426395,high
2025-10-21 21:39:30,885.235134587027,low
2025-10-21 21:40:00,781.8734897469274,medium
2025-10-21 21:40:30,675.2489984178299,high
2025-10-21 21:41:00,760.4819482510501,medium
2025-10-21 21:41:30,849.5351393133014,low
2025-10-21 21:42:00,884.4362047983132,low
2025-10-21 21:42:30,796.868532201264,medium
2025-10-21 21:43:00,777.8011307061383,medium
2025-10-21 21:43:30,791.8649930723079,medium
2025-10-21 21:44:00,812.9523293706541,medium
2025-10-21 21:44:30,869.2917404507087,low
2025-10-21 21:45:00,664.077388433021,high
2025-10-21 21:45:30,851.4348217483405,low
2025-10-21 21:46:00,845.8213215065352,low
2025-10-21 21:46:30,853.4913804315072,low
2025-10-21 21:47:00,846.0855658315729,low
2025-10-21 21:47:30,876.5406043501877,low
2025-10-21 21:48:00,811.0565148683143,low
2025-10-21 21:48:30,771.9707063471122,medium
2025-10-21 21:49:00,792.5848692171586,medium
2025-10-21 21:49:30,881.824861218338,low
2025-10-21 21:50:00,780.4139444758729,medium
2025-10-21 21:50:30,757.5767601885965,medium
2025-10-21 21:51:00,769.6620870236487,medium
2025-10-21 21:51:30,809.382444583634,medium
2025-10-21 21:52:00,818.361937040955,medium
2025-10-21 21:52:30,753.2018158700627,medium
2025-10-21 21:53:00,821.1453721525213,medium
2025-10-21 21:53:30,808.5172895843923,medium
2025-10-21 21:54:00,819.9086241662931,medium
2025-10-21 21:54:30,771.9386858887173,medium
2025-10-21 21:55:00,838.0100392192755,low
2025-10-21 21:55:30,790.9503419762011,medium
2025-10-21 21:56:00,888.1983595190068,low
2025-10-21 21:56:30,763.8025426869225,medium
2025-10-21 21:57:00,678.5375714242559,high
2025-10-21 21:57:30,870.7241509952485,low
2025-10-21 21:58:00,765.293212637114,medium
2025-10-21 21:58:30,752.4066912858984,medium
2025-10-21 21:59:00,859.8342955051871,low
2025-10-21 21:59:30,814.959651872487,low
2025-10-21 22:00:00,790.2129256700135,medium
2025-10-21 22:00:30,763.4046997120845,medium
2025-10-21 22:01:00,846.2506082945071,low
2025-10-21 22:01:30,846.0345351382751,low
2025-10-21 22:02:00,795.4502076757337,medium
2025-10-21 22:02:30,850.1223180341435,low
2025-10-21 22:03:00,880.008038090065,low
2025-10-21 22:03:30,864.6657663047494,low
2025-10-21 22:04:00,832.154538366406,low
2025-10-21 22:04:30,866.8328313560893,low
2025-10-21 22:05:00,855.4470355645109,low
2025-10-21 22:05:30,690.477033936203,high
2025-10-21 22:06:00,721.1661891235804,high
2025-10-21 22:06:30,788.0574393460537,medium
2025-10-21 22:07:00,760.0498556857206,medium
2025-10-21 22:07:30,868.3741701583499,low
2025-10-21 22:08:00,808.019101064457,medium
2025-10-21 22:08:30,696.1071534626191,high
2025-10-21 22:09:00,873.9500974050455,low
2025-10-21 22:09:30,886.790505731452,low
2025-10-21 22:10:00,685.3445282059387,high
2025-10-21 22:10:30,711.544922745743,high
2025-10-21 22:11:00,798.1548426107029,medium
2025-10-21 22:11:30,762.9666793519664,medium
2025-10-21 22:12:00,734.5459418692581,high
2025-10-21 22:12:30,769.6977456124355,medium
2025-10-21 22:13:00,725.8109889990546,high
2025-10-21 22:13:30,791.9621304158294,medium
2025-10-21 22:14:00,896.1522998871571,low
2025-10-21 22:14:30,778.2542878874312,medium
2025-10-21 22:15:00,704.3014738129478,high
2025-10-21 22:15:30,679.1768004307714,high
2025-10-21 22:16:00,858.977412101554,low
2025-10-21 22:16:30,834.8044362816423,low
2025-10-21 22:17:00,862.4574172227578,low
2025-10-21 22:17:30,862.184118787123,low
2025-10-21 22:18:00,802.032080466665,medium
2025-10-21 22:18:30,692.1502444532591,high
2025-10-21 22:19:00,800.7545295798121,medium
2025-10-21 22:19:30,877.5854096557748,low
2025-10-21 22:20:00,705.103253514772,high
2025-10-21 22:20:30,895.0862069605222,low
2025-10-21 22:21:00,856.9931952023339,low
2025-10-21 22:21:30,783.6582532495379,medium
2025-10-21 22:22:00,872.112499730071,low
2025-10-21 22:22:30,915.7477793862665,low
2025-10-21 22:23:00,761.4665301009383,medium
2025-10-21 22:23:30,866.8936402136129,low
2025-10-21 22:24:00,858.546860487901,low
2025-10-21 22:24:30,790.7826866390695,medium
2025-10-21 22:25:00,850.6819632857803,low
2025-10-21 22:25:30,783.1823317700419,medium
2025-10-21 22:26:00,787.0523774191245,medium
2025-10-21 22:26:30,724.6650933286436,high
2025-10-21 22:27:00,783.3254992139132,medium
2025-10-21 22:27:30,832.5685167107297,low
2025-10-21 22:28:00,709.52720889021,high
2025-10-21 22:28:30,875.8510085756493,low
2025-10-21 22:29:00,831.3574108487024,low
2025-10-21 22:29:30,784.9871451907405,medium
2025-10-21 22:30:00,844.9684965825346,low
2025-10-21 22:30:30,766.4813867120547,medium
2025-10-21 22:31:00,685.8492456448803,high
2025-10-21 22:31:30,751.104043976521,medium
2025-10-21 22:32:00,809.7681227218844,medium
2025-10-21 22:32:30,838.8742677552003,low
2025-10-21 22:33:00,881.3489576439756,low
2025-10-21 22:33:30,893.5542158851591,low
2025-10-21 22:34:00,775.2334226146698,medium
2025-10-21 22:34:30,867.8510072627633,low
2025-10-21 22:35:00,785.3509016241455,medium
2025-10-21 22:35:30,839.2672035557043,low
2025-10-21 22:36:00,907.8092110092118,low
2025-10-21 22:36:30,843.360543251778,low
2025-10-21 22:37:00,766.7464091758377,medium
2025-10-21 22:37:30,698.201412129498,high
2025-10-21 22:38:00,865.1184243651383,low
2025-10-21 22:38:30,842.5810218407994,low
2025-10-21 22:39:00,771.480470826337,medium
2025-10-21 22:39:30,852.7674608033321,low
